,GeneratorProfitDual,TotalCostDispatch,RTGeneratorProfitDual,gap,SSProfit
ObjectiveValue,10012.673839323385,31537.289654505097,10012.673839323385,87.4546,10012.673839322671
