,GeneratorProfitDual,TotalCostDispatch,RTGeneratorProfitDual,gap,SSProfit
ObjectiveValue,32227.330101349253,274082.29937332135,32227.330101349253,322.856,32449.470930626358
