,GeneratorProfitDual,TotalCostDispatch,RTGeneratorProfitDual,gap,SSProfit
ObjectiveValue,13570.52037507568,25568.82403820314,13570.52037507568,102.823,13570.520375075112
