,GeneratorProfitDual,TotalCostDispatch,RTGeneratorProfitDual,gap,SSProfit
ObjectiveValue,33688.66449141352,55333.780338856195,33688.66449141352,765.689,33688.66449141257
