,GeneratorProfitDual,TotalCostDispatch,RTGeneratorProfitDual,gap,SSProfit
ObjectiveValue,54136.08411586731,133212.32674463815,54136.08411586731,588.574,54136.08411586693
