,GeneratorProfitDual,TotalCostDispatch,RTGeneratorProfitDual,gap,SSProfit
ObjectiveValue,20408.408638742083,30741.46475871816,20408.408638742083,242.735,20408.408638742003
