,GeneratorProfitDual,TotalCostDispatch,RTGeneratorProfitDual,gap,SSProfit
ObjectiveValue,58714.214234653555,263404.6132797206,58714.214234653555,575.294,58714.21423464881
