,GeneratorProfitDual,TotalCostDispatch,RTGeneratorProfitDual,gap,SSProfit
ObjectiveValue,3912.292569002854,188832.76049921406,3912.292569002854,0.0,3912.292568999992
