,GeneratorProfitDual,TotalCostDispatch,RTGeneratorProfitDual,gap,SSProfit
ObjectiveValue,7600.327434938378,159143.63077238333,7600.327434938378,13314.7,7600.327434936913
