,GeneratorProfitDual,TotalCostDispatch,RTGeneratorProfitDual,gap,SSProfit
ObjectiveValue,3561.6447141959566,102749.4901745098,3561.6447141959566,30.453,3561.6447141945036
