,GeneratorProfitDual,TotalCostDispatch,RTGeneratorProfitDual,gap,SSProfit
ObjectiveValue,73913.73649297415,99356.62373313392,73913.73649297415,31843.1,73913.73649297332
