,GeneratorProfitDual,TotalCostDispatch,RTGeneratorProfitDual,gap,SSProfit
ObjectiveValue,3213.885619952749,53366.34813687943,3213.885619952749,0.0,3213.8856199522434
