,GeneratorProfitDual,TotalCostDispatch,RTGeneratorProfitDual,gap,SSProfit
ObjectiveValue,690.115314466969,200930.34593250492,690.115314466969,3.8527,690.115314536392
