,GeneratorProfitDual,TotalCostDispatch,RTGeneratorProfitDual,gap,SSProfit
ObjectiveValue,81744.31159393927,484001.4991944492,81744.2856856179,817.742,81761.25172992695
