,GeneratorProfitDual,TotalCostDispatch,RTGeneratorProfitDual,gap,SSProfit
ObjectiveValue,44098.3421616445,143094.36529779286,44098.3421616445,4643.57,44618.91549083627
