,GeneratorProfitDual,TotalCostDispatch,RTGeneratorProfitDual,gap,SSProfit
ObjectiveValue,5225.890639434579,20518.07640806182,5225.890639434579,61.1062,5225.89063943416
