,GeneratorProfitDual,TotalCostDispatch,RTGeneratorProfitDual,gap,SSProfit
ObjectiveValue,3227.101407526016,73892.57023653253,3227.101407526016,0.0,3227.1014075224953
