,GeneratorProfitDual,TotalCostDispatch,RTGeneratorProfitDual,gap,SSProfit
ObjectiveValue,11305.140428927987,569487.7859780118,11305.140428927987,49.5052,11305.140428922237
