,GeneratorProfitDual,TotalCostDispatch,RTGeneratorProfitDual,gap,SSProfit
ObjectiveValue,41734.47341487672,206963.4398086905,41734.47341487672,2636.77,41839.14816940473
