,GeneratorProfitDual,TotalCostDispatch,RTGeneratorProfitDual,gap,SSProfit
ObjectiveValue,6321.981813516813,39386.40747360046,6321.981813516813,0.0,6321.981813513692
