,GeneratorProfitDual,TotalCostDispatch,RTGeneratorProfitDual,gap,SSProfit
ObjectiveValue,66678.53156892023,274950.56725710316,66678.53156892023,621.182,66678.53156891845
