,GeneratorProfitDual,TotalCostDispatch,RTGeneratorProfitDual,gap,SSProfit
ObjectiveValue,19694.292356462538,558634.6425875709,19694.292356462538,77.5058,19729.14255929144
