,GeneratorProfitDual,TotalCostDispatch,RTGeneratorProfitDual,gap,SSProfit
ObjectiveValue,7968.138552504694,142521.06672800635,7968.138552504694,277.244,8393.094349624598
