,GeneratorProfitDual,TotalCostDispatch,RTGeneratorProfitDual,gap,SSProfit
ObjectiveValue,19836.483468851067,65097.51052641034,19836.483468851067,265.911,19997.495058461707
