,GeneratorProfitDual,TotalCostDispatch,RTGeneratorProfitDual,gap,SSProfit
ObjectiveValue,2121.987853099903,483211.1983738006,2121.987853099903,2.56061,2280.724692670529
