,GeneratorProfitDual,TotalCostDispatch,RTGeneratorProfitDual,gap,SSProfit
ObjectiveValue,20437.043604580136,77857.05987346293,20437.043604580136,5946.73,20437.043604579507
