,GeneratorProfitDual,TotalCostDispatch,RTGeneratorProfitDual,gap,SSProfit
ObjectiveValue,45464.37002860974,276679.74076283094,45464.37002860974,525.362,45443.63303816585
