,GeneratorProfitDual,TotalCostDispatch,RTGeneratorProfitDual,gap,SSProfit
ObjectiveValue,2914.3551799693914,26185.55374945802,2914.3551799693914,23.002,2914.355179969166
