,GeneratorProfitDual,TotalCostDispatch,RTGeneratorProfitDual,gap,SSProfit
ObjectiveValue,68998.28651080107,410673.2277420218,68998.28651080107,0.0,69323.62426944403
