,GeneratorProfitDual,TotalCostDispatch,RTGeneratorProfitDual,gap,SSProfit
ObjectiveValue,321.4101672636426,32414.907050631988,321.4101672636426,0.0,321.4101672632335
