,GeneratorProfitDual,TotalCostDispatch,RTGeneratorProfitDual,gap,SSProfit
ObjectiveValue,19773.03432208653,51325.62184106983,19773.03432208653,238.727,19773.03432208589
