,GeneratorProfitDual,TotalCostDispatch,RTGeneratorProfitDual,gap,SSProfit
ObjectiveValue,16348.891522719814,673473.1156220277,16348.891522719814,166.019,16448.466735456845
