,GeneratorProfitDual,TotalCostDispatch,RTGeneratorProfitDual,gap,SSProfit
ObjectiveValue,3961.660263001081,104673.09867106243,3961.660263001081,1.37218,3961.6602629999998
