,GeneratorProfitDual,TotalCostDispatch,RTGeneratorProfitDual,gap,SSProfit
ObjectiveValue,59454.57539892502,462935.18586383364,59454.54899692678,586.507,59673.56545151734
