,GeneratorProfitDual,TotalCostDispatch,RTGeneratorProfitDual,gap,SSProfit
ObjectiveValue,23189.362119245707,113639.07847559675,23189.362119245707,1767.75,23189.362119244397
