,GeneratorProfitDual,TotalCostDispatch,RTGeneratorProfitDual,gap,SSProfit
ObjectiveValue,2963.651231134458,25082.330227402243,2963.651231134458,29.3244,2963.6512311340894
