,GeneratorProfitDual,TotalCostDispatch,RTGeneratorProfitDual,gap,SSProfit
ObjectiveValue,3948.1417407706704,324822.48279501486,3948.1417407706704,9.52798,3948.1417407685585
