,GeneratorProfitDual,TotalCostDispatch,RTGeneratorProfitDual,gap,SSProfit
ObjectiveValue,18133.11707255055,45565.42760877623,18133.11707255055,176.408,18133.11707254804
