,GeneratorProfitDual,TotalCostDispatch,RTGeneratorProfitDual,gap,SSProfit
ObjectiveValue,15004.94555073623,76277.58705220593,15004.94555073623,316.501,15004.945550733486
