,GeneratorProfitDual,TotalCostDispatch,RTGeneratorProfitDual,gap,SSProfit
ObjectiveValue,60909.391267062456,376757.7218741119,60909.391267062456,177.673,61006.864379992774
