,GeneratorProfitDual,TotalCostDispatch,RTGeneratorProfitDual,gap,SSProfit
ObjectiveValue,43824.33652007387,424999.56239646394,43824.33652007387,319.701,43824.33652007189
