,GeneratorProfitDual,TotalCostDispatch,RTGeneratorProfitDual,gap,SSProfit
ObjectiveValue,22701.945196240307,57233.67197841134,22701.945196240307,229.323,22701.94519623945
