,GeneratorProfitDual,TotalCostDispatch,RTGeneratorProfitDual,gap,SSProfit
ObjectiveValue,19238.227341134916,29813.919151443242,19238.227341134916,247.034,19238.227341133683
