,GeneratorProfitDual,TotalCostDispatch,RTGeneratorProfitDual,gap,SSProfit
ObjectiveValue,2994.1799401275684,67428.02233643082,2994.1799401275684,12.1186,2994.1799401257176
