,GeneratorProfitDual,TotalCostDispatch,RTGeneratorProfitDual,gap,SSProfit
ObjectiveValue,109196.63447137144,512672.1035409027,109196.63447137144,1062.62,109196.63447136224
