,GeneratorProfitDual,TotalCostDispatch,RTGeneratorProfitDual,gap,SSProfit
ObjectiveValue,29852.9758788448,227390.44171263976,29852.9758788448,13039.4,30023.6501309983
