,GeneratorProfitDual,TotalCostDispatch,RTGeneratorProfitDual,gap,SSProfit
ObjectiveValue,1868.3852935976927,5005.275563185071,1868.3852935976927,0.975364,1868.385293597361
