,GeneratorProfitDual,TotalCostDispatch,RTGeneratorProfitDual,gap,SSProfit
ObjectiveValue,23189.362119245478,113639.07847559682,23189.362119245478,69638.3,23189.362119244583
