,GeneratorProfitDual,TotalCostDispatch,RTGeneratorProfitDual,gap,SSProfit
ObjectiveValue,55796.00176089487,436873.4868609548,55796.00176089487,563.255,56028.58849249965
