,GeneratorProfitDual,TotalCostDispatch,RTGeneratorProfitDual,gap,SSProfit
ObjectiveValue,7163.334656730979,39836.663892840625,7163.334656730979,0.0,7163.3346567285525
