,GeneratorProfitDual,TotalCostDispatch,RTGeneratorProfitDual,gap,SSProfit
ObjectiveValue,2892.339073160414,244747.44551570766,2892.339073160414,37.1339,2892.339073158358
