,GeneratorProfitDual,TotalCostDispatch,RTGeneratorProfitDual,gap,SSProfit
ObjectiveValue,14008.885917482321,63663.64885914096,14008.885917482321,0.0,14008.8859174815
