,GeneratorProfitDual,TotalCostDispatch,RTGeneratorProfitDual,gap,SSProfit
ObjectiveValue,35344.87251417953,175355.99080597208,35344.87251417953,428.272,35497.515645363375
