,GeneratorProfitDual,TotalCostDispatch,RTGeneratorProfitDual,gap,SSProfit
ObjectiveValue,3678.896224328007,261389.7069141654,3678.896224328007,32.1402,3964.3813169999876
