,GeneratorProfitDual,TotalCostDispatch,RTGeneratorProfitDual,gap,SSProfit
ObjectiveValue,4333.53532454344,656328.5601599109,4333.53532454344,41.991,4541.63348700001
