,GeneratorProfitDual,TotalCostDispatch,RTGeneratorProfitDual,gap,SSProfit
ObjectiveValue,2906.8052375043317,45881.45364351492,2906.8052375043317,0.0,2906.8052375000198
