,GeneratorProfitDual,TotalCostDispatch,RTGeneratorProfitDual,gap,SSProfit
ObjectiveValue,64925.76318113231,376760.30202680075,64925.76318113231,211.585,65048.78214251033
