,GeneratorProfitDual,TotalCostDispatch,RTGeneratorProfitDual,gap,SSProfit
ObjectiveValue,1552.7493764334304,878.5152775766136,1552.7493764334304,0.0,1552.7493764330957
