,GeneratorProfitDual,TotalCostDispatch,RTGeneratorProfitDual,gap,SSProfit
ObjectiveValue,14568.74222806721,594175.3148494858,14568.74222806721,145.556,14602.735966963957
