,GeneratorProfitDual,TotalCostDispatch,RTGeneratorProfitDual,gap,SSProfit
ObjectiveValue,2294.3987601587014,112763.60002939413,2294.3987601587014,0.0,2432.0391929999996
