,GeneratorProfitDual,TotalCostDispatch,RTGeneratorProfitDual,gap,SSProfit
ObjectiveValue,43548.99344558103,311930.81898480345,43548.99344558103,35933.9,43548.9934455797
