,GeneratorProfitDual,TotalCostDispatch,RTGeneratorProfitDual,gap,SSProfit
ObjectiveValue,15122.059364564611,82595.5423754636,15122.059364564611,0.0,15122.059364559862
