,GeneratorProfitDual,TotalCostDispatch,RTGeneratorProfitDual,gap,SSProfit
ObjectiveValue,1190.5361902515588,145278.40632272096,1190.5361902515588,0.0,1190.5361902504214
