,GeneratorProfitDual,TotalCostDispatch,RTGeneratorProfitDual,gap,SSProfit
ObjectiveValue,87380.94743003586,454894.64383118605,87380.94743003586,938.787,87522.59630757474
