,GeneratorProfitDual,TotalCostDispatch,RTGeneratorProfitDual,gap,SSProfit
ObjectiveValue,41555.63694367345,202849.11075562387,41555.63694367345,421.476,41726.87835366621
