,GeneratorProfitDual,TotalCostDispatch,RTGeneratorProfitDual,gap,SSProfit
ObjectiveValue,5585.848646951351,82425.8489130254,5585.848646951351,54.3302,5585.848646948457
