,GeneratorProfitDual,TotalCostDispatch,RTGeneratorProfitDual,gap,SSProfit
ObjectiveValue,4609.383777323674,761893.3742003932,4609.383777323674,43.0142,4759.123446000018
