,GeneratorProfitDual,TotalCostDispatch,RTGeneratorProfitDual,gap,SSProfit
ObjectiveValue,66472.65722281157,207697.74097526728,66472.65722281157,669.842,67814.46953947845
