,GeneratorProfitDual,TotalCostDispatch,RTGeneratorProfitDual,gap,SSProfit
ObjectiveValue,5380.683502188624,711743.4402014702,5380.683502188624,42.5095,5380.683502182484
