,GeneratorProfitDual,TotalCostDispatch,RTGeneratorProfitDual,gap,SSProfit
ObjectiveValue,47136.996021787534,151110.0695507072,47136.996021787534,0.0,47393.58578727483
