,GeneratorProfitDual,TotalCostDispatch,RTGeneratorProfitDual,gap,SSProfit
ObjectiveValue,98656.41236106196,489946.5905852964,98656.41236106196,1009.54,98801.80294224438
