,GeneratorProfitDual,TotalCostDispatch,RTGeneratorProfitDual,gap,SSProfit
ObjectiveValue,108469.15577341859,188832.76049920527,108469.15577341859,0.0,108469.15577340755
