,GeneratorProfitDual,TotalCostDispatch,RTGeneratorProfitDual,gap,SSProfit
ObjectiveValue,78854.78131609564,374870.78440441645,78854.78131609564,2423.98,78885.2651663232
