,GeneratorProfitDual,TotalCostDispatch,RTGeneratorProfitDual,gap,SSProfit
ObjectiveValue,64915.026047417065,376758.7626876805,64915.026047417065,12.9613,65038.04500879596
