,GeneratorProfitDual,TotalCostDispatch,RTGeneratorProfitDual,gap,SSProfit
ObjectiveValue,3059.82522300198,17779.040042116238,3059.82522300198,0.0,3059.8252230000544
