,GeneratorProfitDual,TotalCostDispatch,RTGeneratorProfitDual,gap,SSProfit
ObjectiveValue,1923.2020950015324,16276.467633094708,1923.2020950015324,0.0,1923.2020950000347
