,GeneratorProfitDual,TotalCostDispatch,RTGeneratorProfitDual,gap,SSProfit
ObjectiveValue,4026.7711980029853,424999.5623964639,4026.7711980029853,0.0,4026.7711980000245
