,GeneratorProfitDual,TotalCostDispatch,RTGeneratorProfitDual,gap,SSProfit
ObjectiveValue,88452.43542372998,246596.77503585516,88452.43542372998,907.455,88452.43542372764
