,GeneratorProfitDual,TotalCostDispatch,RTGeneratorProfitDual,gap,SSProfit
ObjectiveValue,71355.45443363948,276939.4740342376,71355.45443363948,0.0,71355.4544336347
