,GeneratorProfitDual,TotalCostDispatch,RTGeneratorProfitDual,gap,SSProfit
ObjectiveValue,45275.8442068911,175033.2874092306,45275.8442068911,176.501,45428.48733807081
