,GeneratorProfitDual,TotalCostDispatch,RTGeneratorProfitDual,gap,SSProfit
ObjectiveValue,29641.360193205786,95569.80442628315,29641.360193205786,280.075,29641.360193201574
