,GeneratorProfitDual,TotalCostDispatch,RTGeneratorProfitDual,gap,SSProfit
ObjectiveValue,44609.37680033422,135267.19113738663,44609.37680033422,1595.27,44609.3768003342
