,GeneratorProfitDual,TotalCostDispatch,RTGeneratorProfitDual,gap,SSProfit
ObjectiveValue,54720.73277242616,55115.00092732882,54720.73277242616,24334.3,54720.73277242527
