,GeneratorProfitDual,TotalCostDispatch,RTGeneratorProfitDual,gap,SSProfit
ObjectiveValue,5335.599153779331,9797.023919406327,5335.599153779331,44.5536,5335.599153779164
