,GeneratorProfitDual,TotalCostDispatch,RTGeneratorProfitDual,gap,SSProfit
ObjectiveValue,1542.3122489437912,107442.86829706733,1542.3122489437912,0.0,1542.312248943031
