,GeneratorProfitDual,TotalCostDispatch,RTGeneratorProfitDual,gap,SSProfit
ObjectiveValue,10672.326264010335,23668.32349245357,10672.326264010335,49171.9,10672.326264010024
