,GeneratorProfitDual,TotalCostDispatch,RTGeneratorProfitDual,gap,SSProfit
ObjectiveValue,59631.95760880631,74549.75932579847,59631.95760880631,0.0,59631.95760880527
