,GeneratorProfitDual,TotalCostDispatch,RTGeneratorProfitDual,gap,SSProfit
ObjectiveValue,1868.385293598506,18657.255503539633,1868.385293598506,0.0,1868.3852935973496
