,GeneratorProfitDual,TotalCostDispatch,RTGeneratorProfitDual,gap,SSProfit
ObjectiveValue,602.4407786636251,80279.57305015078,602.4407786636251,0.0,602.4407786629594
