,GeneratorProfitDual,TotalCostDispatch,RTGeneratorProfitDual,gap,SSProfit
ObjectiveValue,59303.31553828663,381267.14533910516,59303.31553828663,21637.3,60042.9071570832
