,GeneratorProfitDual,TotalCostDispatch,RTGeneratorProfitDual,gap,SSProfit
ObjectiveValue,49877.70029059618,261389.70691416544,49877.70029059618,41981.4,50159.37976636249
