,GeneratorProfitDual,TotalCostDispatch,RTGeneratorProfitDual,gap,SSProfit
ObjectiveValue,3910.9320420020695,112976.09700385973,3910.9320420020695,15.7183,3910.9320420000067
