,GeneratorProfitDual,TotalCostDispatch,RTGeneratorProfitDual,gap,SSProfit
ObjectiveValue,31336.527155483567,625376.9576437124,31336.527155483567,691.144,31552.144800101745
