,GeneratorProfitDual,TotalCostDispatch,RTGeneratorProfitDual,gap,SSProfit
ObjectiveValue,50150.906171872375,137197.50468863416,50150.906171872375,500.499,50150.90617186696
