,GeneratorProfitDual,TotalCostDispatch,RTGeneratorProfitDual,gap,SSProfit
ObjectiveValue,24067.50370187066,171944.29527923214,24067.50370187066,240.838,24067.503701866317
