,GeneratorProfitDual,TotalCostDispatch,RTGeneratorProfitDual,gap,SSProfit
ObjectiveValue,13206.176685027414,48685.15354383419,13206.176685027414,114.644,13206.176685026969
