,GeneratorProfitDual,TotalCostDispatch,RTGeneratorProfitDual,gap,SSProfit
ObjectiveValue,21590.63720377319,76864.56510000255,21590.63720377319,0.0,21680.00416093918
