,GeneratorProfitDual,TotalCostDispatch,RTGeneratorProfitDual,gap,SSProfit
ObjectiveValue,2914.3551799694806,41868.81956575051,2914.3551799694806,0.0,2914.3551799691654
