,GeneratorProfitDual,TotalCostDispatch,RTGeneratorProfitDual,gap,SSProfit
ObjectiveValue,13068.53622614533,71074.18806520972,13068.53622614533,4914.12,13281.539182276532
