,GeneratorProfitDual,TotalCostDispatch,RTGeneratorProfitDual,gap,SSProfit
ObjectiveValue,8737.610058687857,63661.33660309012,8737.610058687857,0.0,8737.610058685037
