,GeneratorProfitDual,TotalCostDispatch,RTGeneratorProfitDual,gap,SSProfit
ObjectiveValue,145.751026143608,20518.076408061454,145.751026143608,0.0,145.75102614296836
