,GeneratorProfitDual,TotalCostDispatch,RTGeneratorProfitDual,gap,SSProfit
ObjectiveValue,3579.052663461687,558693.9716440935,3579.052663461687,0.0,3647.501906253505
