,GeneratorProfitDual,TotalCostDispatch,RTGeneratorProfitDual,gap,SSProfit
ObjectiveValue,28644.979071312944,645453.1554018987,28644.979071312944,226.175,28778.442401016295
