,GeneratorProfitDual,TotalCostDispatch,RTGeneratorProfitDual,gap,SSProfit
ObjectiveValue,64069.30707706365,300149.14100445947,64069.30707706365,0.0,64364.10870007509
