,GeneratorProfitDual,TotalCostDispatch,RTGeneratorProfitDual,gap,SSProfit
ObjectiveValue,19490.82778417134,534141.6697129499,19490.82778417134,196.606,19560.900048622792
