,GeneratorProfitDual,TotalCostDispatch,RTGeneratorProfitDual,gap,SSProfit
ObjectiveValue,26655.346277860925,82665.83486880438,26655.346277860925,0.0,26655.346277859997
