,GeneratorProfitDual,TotalCostDispatch,RTGeneratorProfitDual,gap,SSProfit
ObjectiveValue,-4.012210938473686,73540.16575871683,-4.012210938473686,2247.02,668.5921219500001
