,GeneratorProfitDual,TotalCostDispatch,RTGeneratorProfitDual,gap,SSProfit
ObjectiveValue,39434.58992854056,121012.36522493396,39434.58992854056,0.0,39434.58992853978
