,GeneratorProfitDual,TotalCostDispatch,RTGeneratorProfitDual,gap,SSProfit
ObjectiveValue,2955.1066132541127,35566.62671528634,2955.1066132541127,107.765,2955.1066132538776
