,GeneratorProfitDual,TotalCostDispatch,RTGeneratorProfitDual,gap,SSProfit
ObjectiveValue,80646.79806642336,94010.24494381409,80646.79806642336,43465.7,80646.79806642258
