,GeneratorProfitDual,TotalCostDispatch,RTGeneratorProfitDual,gap,SSProfit
ObjectiveValue,3249.9735449377913,48441.3833081094,3249.9735449377913,0.0,3249.973544937126
