,GeneratorProfitDual,TotalCostDispatch,RTGeneratorProfitDual,gap,SSProfit
ObjectiveValue,37749.88294046611,53463.44947998962,37749.88294046611,0.0,37749.88294046385
