,GeneratorProfitDual,TotalCostDispatch,RTGeneratorProfitDual,gap,SSProfit
ObjectiveValue,54884.39326961031,250463.92468298186,54884.39326961031,555.985,55518.38782794355
