,GeneratorProfitDual,TotalCostDispatch,RTGeneratorProfitDual,gap,SSProfit
ObjectiveValue,87822.00018385505,322308.7401759561,87822.00018385505,0.0,87822.00018384898
