,GeneratorProfitDual,TotalCostDispatch,RTGeneratorProfitDual,gap,SSProfit
ObjectiveValue,3186.430636607037,50879.24105212493,3186.430636607037,0.0,3186.4306366064225
