,GeneratorProfitDual,TotalCostDispatch,RTGeneratorProfitDual,gap,SSProfit
ObjectiveValue,4228.462056269905,490812.287116836,4228.462056269905,0.00187422,4228.462056265012
