,GeneratorProfitDual,TotalCostDispatch,RTGeneratorProfitDual,gap,SSProfit
ObjectiveValue,2914.3551799720026,49175.474397895254,2914.3551799720026,131.613,2914.3551799691795
