,GeneratorProfitDual,TotalCostDispatch,RTGeneratorProfitDual,gap,SSProfit
ObjectiveValue,19235.396706304404,207233.8931024526,19235.396706304404,0.0,19235.39670630314
