,GeneratorProfitDual,TotalCostDispatch,RTGeneratorProfitDual,gap,SSProfit
ObjectiveValue,3177.68618132794,42183.26559942845,3177.68618132794,0.0,3177.6861813270602
