,GeneratorProfitDual,TotalCostDispatch,RTGeneratorProfitDual,gap,SSProfit
ObjectiveValue,1534.5151940433666,38274.4354001892,1534.5151940433666,1055.78,1534.5151940430474
