,GeneratorProfitDual,TotalCostDispatch,RTGeneratorProfitDual,gap,SSProfit
ObjectiveValue,7.7600745340298545,484001.4991944491,7.7600745340298545,0.0,24.700210520861106
