,GeneratorProfitDual,TotalCostDispatch,RTGeneratorProfitDual,gap,SSProfit
ObjectiveValue,12.886134311434944,589442.0474134058,12.886134311434944,0.0,12.88613430000396
