,GeneratorProfitDual,TotalCostDispatch,RTGeneratorProfitDual,gap,SSProfit
ObjectiveValue,2866.9930067892556,33771.09675219978,2866.9930067892556,16836.3,2866.9930067888736
