,GeneratorProfitDual,TotalCostDispatch,RTGeneratorProfitDual,gap,SSProfit
ObjectiveValue,1868.3852935987616,31522.468845859064,1868.3852935987616,0.0,1868.3852935973607
