,GeneratorProfitDual,TotalCostDispatch,RTGeneratorProfitDual,gap,SSProfit
ObjectiveValue,34906.218646969515,177694.7283403266,34906.218646969515,340.501,34955.09266402854
