,GeneratorProfitDual,TotalCostDispatch,RTGeneratorProfitDual,gap,SSProfit
ObjectiveValue,28420.529640244786,47648.565623422604,28420.529640244786,29411.2,28420.529640241748
