,GeneratorProfitDual,TotalCostDispatch,RTGeneratorProfitDual,gap,SSProfit
ObjectiveValue,7261.530588590762,776615.9102022329,7261.530588590762,3.55814,7261.530588587362
