,GeneratorProfitDual,TotalCostDispatch,RTGeneratorProfitDual,gap,SSProfit
ObjectiveValue,17069.0053776899,515558.2362244304,17069.0053776899,19.1894,17207.078095250887
