,GeneratorProfitDual,TotalCostDispatch,RTGeneratorProfitDual,gap,SSProfit
ObjectiveValue,29647.167265195494,55325.93969610968,29647.167265195494,38925.0,29647.167265194625
