,GeneratorProfitDual,TotalCostDispatch,RTGeneratorProfitDual,gap,SSProfit
ObjectiveValue,3855.246088722706,215384.14963414514,3855.246088722706,0.0,3962.6990670246096
