,GeneratorProfitDual,TotalCostDispatch,RTGeneratorProfitDual,gap,SSProfit
ObjectiveValue,2639.9952711499573,169380.04348226142,2639.9952711499573,6.19246,2639.995271148041
