,GeneratorProfitDual,TotalCostDispatch,RTGeneratorProfitDual,gap,SSProfit
ObjectiveValue,56548.9230750461,351108.87427554146,56548.9230750461,559.171,56548.92307504483
