,GeneratorProfitDual,TotalCostDispatch,RTGeneratorProfitDual,gap,SSProfit
ObjectiveValue,2359.736901002191,11409.918917978925,2359.736901002191,0.0,2359.7369009999998
