,GeneratorProfitDual,TotalCostDispatch,RTGeneratorProfitDual,gap,SSProfit
ObjectiveValue,13118.077617618186,24997.96653159555,13118.077617618186,108.69,13118.077617617882
