,GeneratorProfitDual,TotalCostDispatch,RTGeneratorProfitDual,gap,SSProfit
ObjectiveValue,43107.77848712967,104114.21377369486,43107.75997938921,0.0,43107.7784871354
