,GeneratorProfitDual,TotalCostDispatch,RTGeneratorProfitDual,gap,SSProfit
ObjectiveValue,62851.433730517834,122400.29470830614,62851.433730517834,1265.05,63402.43332647802
