,GeneratorProfitDual,TotalCostDispatch,RTGeneratorProfitDual,gap,SSProfit
ObjectiveValue,61380.7448086719,122400.29470830612,61380.7448086719,0.0,61922.14986158211
