,GeneratorProfitDual,TotalCostDispatch,RTGeneratorProfitDual,gap,SSProfit
ObjectiveValue,108713.94486033512,180018.39011604214,108713.94486033512,0.0,108713.9448603323
