,GeneratorProfitDual,TotalCostDispatch,RTGeneratorProfitDual,gap,SSProfit
ObjectiveValue,662.6277574059352,67738.6295412861,662.6277574059352,0.0,662.6277574027787
