,GeneratorProfitDual,TotalCostDispatch,RTGeneratorProfitDual,gap,SSProfit
ObjectiveValue,46760.56598635208,177239.92182161816,46760.56598635208,17301.6,46760.56598635099
