,GeneratorProfitDual,TotalCostDispatch,RTGeneratorProfitDual,gap,SSProfit
ObjectiveValue,3888.698480438821,515558.2362244303,3888.698480438821,0.0,4026.7711979999963
