,GeneratorProfitDual,TotalCostDispatch,RTGeneratorProfitDual,gap,SSProfit
ObjectiveValue,36808.114711347975,140085.66511380355,36808.114711347975,272.593,36808.11471134712
