,GeneratorProfitDual,TotalCostDispatch,RTGeneratorProfitDual,gap,SSProfit
ObjectiveValue,4569.994903697752,713260.5656656987,4569.994903697752,3.44511,4739.29862400001
