,GeneratorProfitDual,TotalCostDispatch,RTGeneratorProfitDual,gap,SSProfit
ObjectiveValue,8489.195902835632,14017.891272984334,8489.195902835632,180.361,8489.195902834605
