,GeneratorProfitDual,TotalCostDispatch,RTGeneratorProfitDual,gap,SSProfit
ObjectiveValue,59361.92740728562,250460.73468736807,59361.92740728562,507.143,59361.92740728404
