,GeneratorProfitDual,TotalCostDispatch,RTGeneratorProfitDual,gap,SSProfit
ObjectiveValue,47587.45059247526,87393.7569105807,47587.45059247526,32086.4,47587.450592474415
