,GeneratorProfitDual,TotalCostDispatch,RTGeneratorProfitDual,gap,SSProfit
ObjectiveValue,23463.914709530887,263387.39418600325,23463.914709530887,288.15,23463.91470952078
