,GeneratorProfitDual,TotalCostDispatch,RTGeneratorProfitDual,gap,SSProfit
ObjectiveValue,7591.988650875705,159119.1586110856,7591.988650875705,0.0,7591.988650870596
