,GeneratorProfitDual,TotalCostDispatch,RTGeneratorProfitDual,gap,SSProfit
ObjectiveValue,66529.92972019788,93687.29722419869,66529.92972019788,0.0,66529.92972019699
