,GeneratorProfitDual,TotalCostDispatch,RTGeneratorProfitDual,gap,SSProfit
ObjectiveValue,202.71119029190663,42179.8788815014,202.71119029190663,0.0,202.71119029025877
