,GeneratorProfitDual,TotalCostDispatch,RTGeneratorProfitDual,gap,SSProfit
ObjectiveValue,9356.265571647145,766542.8039371311,9356.239142438451,0.0,9356.265571642527
