,GeneratorProfitDual,TotalCostDispatch,RTGeneratorProfitDual,gap,SSProfit
ObjectiveValue,22354.32326274858,112517.89284878044,22354.32326274858,0.0,22354.323262745173
