,GeneratorProfitDual,TotalCostDispatch,RTGeneratorProfitDual,gap,SSProfit
ObjectiveValue,39352.91406688339,324814.9900878303,39352.91406688339,38634.8,39424.050816928495
