,GeneratorProfitDual,TotalCostDispatch,RTGeneratorProfitDual,gap,SSProfit
ObjectiveValue,52772.938369728065,364096.01910038065,52772.938369728065,3575.86,52942.828922027606
