,GeneratorProfitDual,TotalCostDispatch,RTGeneratorProfitDual,gap,SSProfit
ObjectiveValue,3664.907140602513,166752.50767191578,3664.907140602513,0.0,3664.9071405976347
