,GeneratorProfitDual,TotalCostDispatch,RTGeneratorProfitDual,gap,SSProfit
ObjectiveValue,255.4595404881993,9797.023919406318,255.4595404881993,0.0,255.45954048795807
