,GeneratorProfitDual,TotalCostDispatch,RTGeneratorProfitDual,gap,SSProfit
ObjectiveValue,3299.627181725034,93677.73473851888,3299.627181725034,0.0,3299.627181721048
