,GeneratorProfitDual,TotalCostDispatch,RTGeneratorProfitDual,gap,SSProfit
ObjectiveValue,81816.63596449567,484001.40398689307,81816.63596449567,592.584,81816.63596449069
