,GeneratorProfitDual,TotalCostDispatch,RTGeneratorProfitDual,gap,SSProfit
ObjectiveValue,2960.3008864188023,305337.3687907623,2960.3008864188023,0.0,2960.300886414535
