,GeneratorProfitDual,TotalCostDispatch,RTGeneratorProfitDual,gap,SSProfit
ObjectiveValue,21526.061822361335,99305.63867022467,21526.061822361335,54351.8,21680.004160939174
