,GeneratorProfitDual,TotalCostDispatch,RTGeneratorProfitDual,gap,SSProfit
ObjectiveValue,248.53520409741077,36308.18317180785,248.53520409741077,0.0,248.53520409479114
