,GeneratorProfitDual,TotalCostDispatch,RTGeneratorProfitDual,gap,SSProfit
ObjectiveValue,6457.026740104057,16265.82944074658,6457.026740104057,20.1049,6457.026740103023
