,GeneratorProfitDual,TotalCostDispatch,RTGeneratorProfitDual,gap,SSProfit
ObjectiveValue,65138.730915309745,276436.4314713472,65138.730915309745,339.185,65236.745717531114
