,GeneratorProfitDual,TotalCostDispatch,RTGeneratorProfitDual,gap,SSProfit
ObjectiveValue,54978.18562843374,221107.47422187994,54978.18562843374,0.0,55137.27295814994
