,GeneratorProfitDual,TotalCostDispatch,RTGeneratorProfitDual,gap,SSProfit
ObjectiveValue,32227.684834948435,278104.2455347223,32227.684834948435,306.812,32449.470930626358
