,GeneratorProfitDual,TotalCostDispatch,RTGeneratorProfitDual,gap,SSProfit
ObjectiveValue,3931.207281509532,299504.9296397182,3931.207281509532,13.7594,3986.5447174801047
