,GeneratorProfitDual,TotalCostDispatch,RTGeneratorProfitDual,gap,SSProfit
ObjectiveValue,3570.5900287035793,174921.40478293935,3570.5900287035793,14.4612,3928.678442048638
