,GeneratorProfitDual,TotalCostDispatch,RTGeneratorProfitDual,gap,SSProfit
ObjectiveValue,747.2100229117774,39836.663892840625,747.2100229117774,0.0,747.2100229095247
