,GeneratorProfitDual,TotalCostDispatch,RTGeneratorProfitDual,gap,SSProfit
ObjectiveValue,4509.519374160958,496502.81867604615,4509.519374160958,32.339,4528.208609648352
