,GeneratorProfitDual,TotalCostDispatch,RTGeneratorProfitDual,gap,SSProfit
ObjectiveValue,1138.3378864657889,376108.4975754619,1138.3378864657889,8.80468,1184.9870741795153
