,GeneratorProfitDual,TotalCostDispatch,RTGeneratorProfitDual,gap,SSProfit
ObjectiveValue,3964.3813170051217,263404.6132797205,3964.3813170051217,0.0,3964.381317000025
