,GeneratorProfitDual,TotalCostDispatch,RTGeneratorProfitDual,gap,SSProfit
ObjectiveValue,48573.75811733418,135267.19113738634,48573.75811733418,487.685,48573.75811733426
