,GeneratorProfitDual,TotalCostDispatch,RTGeneratorProfitDual,gap,SSProfit
ObjectiveValue,10746.843650344197,65624.13180549486,10746.843650344197,0.0,10746.843650341247
