,GeneratorProfitDual,TotalCostDispatch,RTGeneratorProfitDual,gap,SSProfit
ObjectiveValue,3760.390705845095,76277.58705220767,3760.390705845095,0.0,3760.3907058435034
