,GeneratorProfitDual,TotalCostDispatch,RTGeneratorProfitDual,gap,SSProfit
ObjectiveValue,4231.490311171598,159119.15861108564,4231.490311171598,0.0,4231.4903111666645
