,GeneratorProfitDual,TotalCostDispatch,RTGeneratorProfitDual,gap,SSProfit
ObjectiveValue,9007.541759358417,20518.07640806185,9007.541759358417,87.5934,9007.541759358086
