,GeneratorProfitDual,TotalCostDispatch,RTGeneratorProfitDual,gap,SSProfit
ObjectiveValue,49740.27639927258,279184.1326446636,49740.27639927258,17655.1,50236.14652549437
