,GeneratorProfitDual,TotalCostDispatch,RTGeneratorProfitDual,gap,SSProfit
ObjectiveValue,11710.39856162445,147675.44630808887,11710.39856162445,143.487,11710.398561623033
