,GeneratorProfitDual,TotalCostDispatch,RTGeneratorProfitDual,gap,SSProfit
ObjectiveValue,3408.3276020184,178137.8213522841,3408.3276020184,34.0027,3569.75199303924
