,GeneratorProfitDual,TotalCostDispatch,RTGeneratorProfitDual,gap,SSProfit
ObjectiveValue,13118.983728249037,49159.67242091601,13118.983728249037,233.049,14936.562326916539
