,GeneratorProfitDual,TotalCostDispatch,RTGeneratorProfitDual,gap,SSProfit
ObjectiveValue,1963.124833201187,28327.819774881344,1963.124833201187,0.0,1963.124833200396
