,GeneratorProfitDual,TotalCostDispatch,RTGeneratorProfitDual,gap,SSProfit
ObjectiveValue,3265.138507677108,81485.72911719611,3265.138507677108,21.7275,3265.138507675913
