,GeneratorProfitDual,TotalCostDispatch,RTGeneratorProfitDual,gap,SSProfit
ObjectiveValue,5643.368044993902,711480.7556586644,5643.341615785441,45.2616,5702.125700688582
