,GeneratorProfitDual,TotalCostDispatch,RTGeneratorProfitDual,gap,SSProfit
ObjectiveValue,24185.79385643654,64163.68656880105,24185.79385643654,396.53,24486.14068053276
