,GeneratorProfitDual,TotalCostDispatch,RTGeneratorProfitDual,gap,SSProfit
ObjectiveValue,10721.432032074486,72607.8697119076,10721.432032074486,0.0,10721.432032073666
