,GeneratorProfitDual,TotalCostDispatch,RTGeneratorProfitDual,gap,SSProfit
ObjectiveValue,520.2992075896166,199372.07495073412,520.2992075896166,3.99656,520.2992075885625
