,GeneratorProfitDual,TotalCostDispatch,RTGeneratorProfitDual,gap,SSProfit
ObjectiveValue,88905.07238278569,126442.32037102642,88905.07238278569,0.0,88905.07238277674
