,GeneratorProfitDual,TotalCostDispatch,RTGeneratorProfitDual,gap,SSProfit
ObjectiveValue,6457.026740104045,14017.891272984361,6457.026740104045,24562.8,6457.026740103021
