,GeneratorProfitDual,TotalCostDispatch,RTGeneratorProfitDual,gap,SSProfit
ObjectiveValue,2266.0758669681186,23564.25974561053,2266.0758669681186,0.0,2266.075866967787
