,GeneratorProfitDual,TotalCostDispatch,RTGeneratorProfitDual,gap,SSProfit
ObjectiveValue,1596.7258713882752,129560.25040540697,1596.7258713882752,16.4964,1596.7258713876747
