,GeneratorProfitDual,TotalCostDispatch,RTGeneratorProfitDual,gap,SSProfit
ObjectiveValue,1868.3852935982777,17958.337050008668,1868.3852935982777,8.4885,1868.3852935973498
