,GeneratorProfitDual,TotalCostDispatch,RTGeneratorProfitDual,gap,SSProfit
ObjectiveValue,39643.58256683327,86868.5385843232,39643.58256683327,27895.9,39703.83645392226
