,GeneratorProfitDual,TotalCostDispatch,RTGeneratorProfitDual,gap,SSProfit
ObjectiveValue,25876.90328657406,63042.28741766373,25876.90328657406,0.0,25876.90328657333
