,GeneratorProfitDual,TotalCostDispatch,RTGeneratorProfitDual,gap,SSProfit
ObjectiveValue,10638.82412445438,46570.656620793525,10638.82412445438,135.126,10638.824124451408
