,GeneratorProfitDual,TotalCostDispatch,RTGeneratorProfitDual,gap,SSProfit
ObjectiveValue,9664.344178670954,63343.410025779514,9664.344178670954,0.0,9664.344178670246
