,GeneratorProfitDual,TotalCostDispatch,RTGeneratorProfitDual,gap,SSProfit
ObjectiveValue,30744.208443992844,184694.24549202409,30744.208443992844,1152.81,30823.105006611044
