,GeneratorProfitDual,TotalCostDispatch,RTGeneratorProfitDual,gap,SSProfit
ObjectiveValue,55968.5769928585,436922.68566941185,55968.5769928585,4183.23,56049.17184071053
