,GeneratorProfitDual,TotalCostDispatch,RTGeneratorProfitDual,gap,SSProfit
ObjectiveValue,80355.4317785289,184317.5304392855,80355.4317785289,16988.6,80355.43177852717
