,GeneratorProfitDual,TotalCostDispatch,RTGeneratorProfitDual,gap,SSProfit
ObjectiveValue,55072.3955273106,327916.42971416324,55072.3955273106,554.172,55227.877887665185
