,GeneratorProfitDual,TotalCostDispatch,RTGeneratorProfitDual,gap,SSProfit
ObjectiveValue,76873.13368782843,94010.24494381409,76873.11903382617,17848.4,76873.13368782777
