,GeneratorProfitDual,TotalCostDispatch,RTGeneratorProfitDual,gap,SSProfit
ObjectiveValue,20403.294309277346,77890.80916879732,20403.294309277346,67482.5,20403.294309276913
