,GeneratorProfitDual,TotalCostDispatch,RTGeneratorProfitDual,gap,SSProfit
ObjectiveValue,2076.4365864209767,410665.76848237176,2076.4365864209767,22.0773,2390.6751194999933
