,GeneratorProfitDual,TotalCostDispatch,RTGeneratorProfitDual,gap,SSProfit
ObjectiveValue,54514.36369891564,255308.29839573795,54514.36369891564,555.128,54670.506922160755
