,GeneratorProfitDual,TotalCostDispatch,RTGeneratorProfitDual,gap,SSProfit
ObjectiveValue,93.3858195246537,107442.86829706753,93.3858195246537,0.0,93.38581952421983
