,GeneratorProfitDual,TotalCostDispatch,RTGeneratorProfitDual,gap,SSProfit
ObjectiveValue,12666.99218027666,28425.801670976256,12666.99218027666,74991.5,12666.992180276262
