,GeneratorProfitDual,TotalCostDispatch,RTGeneratorProfitDual,gap,SSProfit
ObjectiveValue,18377.230250739933,534307.667359056,18377.20751827743,186.616,18377.23025073468
