,GeneratorProfitDual,TotalCostDispatch,RTGeneratorProfitDual,gap,SSProfit
ObjectiveValue,622.7950978659086,844.8010273819878,622.7950978659086,,622.7950978657946
