,GeneratorProfitDual,TotalCostDispatch,RTGeneratorProfitDual,gap,SSProfit
ObjectiveValue,23858.49647739135,129244.6480016055,23858.49647739135,505.29,24021.155268947005
