,GeneratorProfitDual,TotalCostDispatch,RTGeneratorProfitDual,gap,SSProfit
ObjectiveValue,56711.129995880015,178137.8213522841,56711.129995880015,0.0,56872.554386901094
