,GeneratorProfitDual,TotalCostDispatch,RTGeneratorProfitDual,gap,SSProfit
ObjectiveValue,12403.526996911734,79252.53120385324,12403.526996911734,0.0,12403.526996908762
