,GeneratorProfitDual,TotalCostDispatch,RTGeneratorProfitDual,gap,SSProfit
ObjectiveValue,34.30611593759954,546459.2352109895,34.30611593759954,0.225684,34.30611593132721
