,GeneratorProfitDual,TotalCostDispatch,RTGeneratorProfitDual,gap,SSProfit
ObjectiveValue,124546.33602935591,251288.48269460525,124546.33602935591,4945.78,125431.05651136006
