,GeneratorProfitDual,TotalCostDispatch,RTGeneratorProfitDual,gap,SSProfit
ObjectiveValue,20200.37377495891,71329.35227812613,20200.37377495891,964.708,20200.373774957996
