,GeneratorProfitDual,TotalCostDispatch,RTGeneratorProfitDual,gap,SSProfit
ObjectiveValue,11661.05091936505,48032.044034732266,11661.05091936505,207.146,11661.0509193646
