,GeneratorProfitDual,TotalCostDispatch,RTGeneratorProfitDual,gap,SSProfit
ObjectiveValue,64115.450944490425,93677.734738519,64115.450944490425,0.0,64115.45094448631
