,GeneratorProfitDual,TotalCostDispatch,RTGeneratorProfitDual,gap,SSProfit
ObjectiveValue,40783.12719031517,136123.38357347902,40783.12719031517,424.409,40817.00924930032
