,GeneratorProfitDual,TotalCostDispatch,RTGeneratorProfitDual,gap,SSProfit
ObjectiveValue,51522.07094861113,145278.40632272096,51522.07094861113,0.0,51581.00193092623
