,GeneratorProfitDual,TotalCostDispatch,RTGeneratorProfitDual,gap,SSProfit
ObjectiveValue,53721.78549268076,122400.29470830617,53721.78549268076,8646.0,54348.40218065757
