,GeneratorProfitDual,TotalCostDispatch,RTGeneratorProfitDual,gap,SSProfit
ObjectiveValue,3409.8693840023343,36810.88361753571,3409.8693840023343,0.0,3409.8693840000233
