,GeneratorProfitDual,TotalCostDispatch,RTGeneratorProfitDual,gap,SSProfit
ObjectiveValue,62348.08638695775,200528.6700341832,62348.08638695775,26799.0,62348.0863869537
