,GeneratorProfitDual,TotalCostDispatch,RTGeneratorProfitDual,gap,SSProfit
ObjectiveValue,21889.335797118256,139648.68151506872,21889.335797118256,218.605,21889.335797114694
