,GeneratorProfitDual,TotalCostDispatch,RTGeneratorProfitDual,gap,SSProfit
ObjectiveValue,23915.334852506287,24820.271471128206,23915.334852506287,56673.1,23915.33485250554
