,GeneratorProfitDual,TotalCostDispatch,RTGeneratorProfitDual,gap,SSProfit
ObjectiveValue,117662.66087104895,64198.69261193141,117662.66087104895,1172.97,119367.5178235536
