,GeneratorProfitDual,TotalCostDispatch,RTGeneratorProfitDual,gap,SSProfit
ObjectiveValue,6693.458553842092,32414.90705063205,6693.458553842092,95199.7,6693.458553841675
