,GeneratorProfitDual,TotalCostDispatch,RTGeneratorProfitDual,gap,SSProfit
ObjectiveValue,12314.527380655098,664607.777371895,12314.527380655098,123.761,12684.016794908755
