,GeneratorProfitDual,TotalCostDispatch,RTGeneratorProfitDual,gap,SSProfit
ObjectiveValue,36196.7891651137,139958.8894103905,36196.7891651137,339.41,36196.78916511308
