,GeneratorProfitDual,TotalCostDispatch,RTGeneratorProfitDual,gap,SSProfit
ObjectiveValue,36196.78916511636,139958.88941038842,36196.78916511636,338.678,36196.789165113085
