,GeneratorProfitDual,TotalCostDispatch,RTGeneratorProfitDual,gap,SSProfit
ObjectiveValue,36242.57089045309,70105.39860072875,36242.57089045309,575.013,36459.810358679264
