,GeneratorProfitDual,TotalCostDispatch,RTGeneratorProfitDual,gap,SSProfit
ObjectiveValue,5024.925953487301,107442.86829706727,5024.925953487301,0.0,5024.925953486478
