,GeneratorProfitDual,TotalCostDispatch,RTGeneratorProfitDual,gap,SSProfit
ObjectiveValue,37006.6576273603,203153.2440131025,37006.6576273603,13781.2,37715.012550391126
