,GeneratorProfitDual,TotalCostDispatch,RTGeneratorProfitDual,gap,SSProfit
ObjectiveValue,46980.52622449078,104154.30003076403,46980.52622449078,22632.7,46980.52622448868
