,GeneratorProfitDual,TotalCostDispatch,RTGeneratorProfitDual,gap,SSProfit
ObjectiveValue,103708.15775151835,174747.37151651998,103708.15775151835,58183.6,103708.15775151576
