,GeneratorProfitDual,TotalCostDispatch,RTGeneratorProfitDual,gap,SSProfit
ObjectiveValue,63586.63054732089,234258.5547028288,63586.63054732089,6646.34,63586.63054731916
