,GeneratorProfitDual,TotalCostDispatch,RTGeneratorProfitDual,gap,SSProfit
ObjectiveValue,22172.310843074294,713283.9804491316,22172.310843074294,219.25,22430.65793262058
