,GeneratorProfitDual,TotalCostDispatch,RTGeneratorProfitDual,gap,SSProfit
ObjectiveValue,61396.19018062654,122400.29470830614,61396.19018062654,0.0,61922.14986158208
