,GeneratorProfitDual,TotalCostDispatch,RTGeneratorProfitDual,gap,SSProfit
ObjectiveValue,101198.36258902813,70953.26037775856,101198.36258902813,1001.65,104273.94214079343
