,GeneratorProfitDual,TotalCostDispatch,RTGeneratorProfitDual,gap,SSProfit
ObjectiveValue,82049.17575270006,397491.53293023224,82049.17575270006,737.53,82252.4828284001
