,GeneratorProfitDual,TotalCostDispatch,RTGeneratorProfitDual,gap,SSProfit
ObjectiveValue,29275.212561466295,55198.16437155088,29275.212561466295,11288.4,29275.21256146552
