,GeneratorProfitDual,TotalCostDispatch,RTGeneratorProfitDual,gap,SSProfit
ObjectiveValue,3373.500730422447,86868.5385843232,3373.500730422447,9.49793,3433.754617511141
