,GeneratorProfitDual,TotalCostDispatch,RTGeneratorProfitDual,gap,SSProfit
ObjectiveValue,28205.357118130294,274082.2993733214,28205.357118130294,1502.66,28427.143213808373
