,GeneratorProfitDual,TotalCostDispatch,RTGeneratorProfitDual,gap,SSProfit
ObjectiveValue,3717.463353354219,82425.84891302537,3717.463353354219,34.5328,3717.46335335111
