,GeneratorProfitDual,TotalCostDispatch,RTGeneratorProfitDual,gap,SSProfit
ObjectiveValue,94810.00346361545,378786.6461007775,94810.00346361545,949.836,94887.72439713244
