,GeneratorProfitDual,TotalCostDispatch,RTGeneratorProfitDual,gap,SSProfit
ObjectiveValue,13042.23417969013,515558.2362244303,13042.23417969013,18.1091,13180.306897250897
