,GeneratorProfitDual,TotalCostDispatch,RTGeneratorProfitDual,gap,SSProfit
ObjectiveValue,64238.99748477599,490819.2571671655,64238.970208153274,650.94,64238.9974847719
