,GeneratorProfitDual,TotalCostDispatch,RTGeneratorProfitDual,gap,SSProfit
ObjectiveValue,3964.3813170011626,177558.77303784344,3964.3813170011626,0.0,3964.3813170000158
