,GeneratorProfitDual,TotalCostDispatch,RTGeneratorProfitDual,gap,SSProfit
ObjectiveValue,713.0644618010339,48685.15354383416,713.0644618010339,5.29608,713.0644618005132
