,GeneratorProfitDual,TotalCostDispatch,RTGeneratorProfitDual,gap,SSProfit
ObjectiveValue,58959.238653805376,244747.4455157077,58959.238653805376,0.0,58959.238653803506
