,GeneratorProfitDual,TotalCostDispatch,RTGeneratorProfitDual,gap,SSProfit
ObjectiveValue,17321.56799444068,496632.1041128671,17321.56799444068,173.013,17375.95797667695
