,GeneratorProfitDual,TotalCostDispatch,RTGeneratorProfitDual,gap,SSProfit
ObjectiveValue,35838.55481497992,17779.04004211633,35838.55481497992,20985.3,35838.5548149781
