,GeneratorProfitDual,TotalCostDispatch,RTGeneratorProfitDual,gap,SSProfit
ObjectiveValue,29733.853857201066,58475.44580791546,29733.853857201066,347.474,29733.853857200334
