,GeneratorProfitDual,TotalCostDispatch,RTGeneratorProfitDual,gap,SSProfit
ObjectiveValue,3121.5785911041407,258903.23095485594,3121.5785911041407,21.3166,3479.9328098740552
