,GeneratorProfitDual,TotalCostDispatch,RTGeneratorProfitDual,gap,SSProfit
ObjectiveValue,87933.29385540969,247085.9720435323,87933.29385540969,899.628,87933.29385540778
