,GeneratorProfitDual,TotalCostDispatch,RTGeneratorProfitDual,gap,SSProfit
ObjectiveValue,2400.865383639235,30745.830446668784,2400.865383639235,0.0,2400.8653836382905
