,GeneratorProfitDual,TotalCostDispatch,RTGeneratorProfitDual,gap,SSProfit
ObjectiveValue,93.65269733642049,99132.19657409121,93.65269733642049,0.0,93.65269733558694
