,GeneratorProfitDual,TotalCostDispatch,RTGeneratorProfitDual,gap,SSProfit
ObjectiveValue,36852.696844771795,226559.98073070502,36852.696844771795,0.0,36917.44692754157
