,GeneratorProfitDual,TotalCostDispatch,RTGeneratorProfitDual,gap,SSProfit
ObjectiveValue,67471.31856899422,332827.75435223244,67471.31856899422,593.652,67471.3185689922
