,GeneratorProfitDual,TotalCostDispatch,RTGeneratorProfitDual,gap,SSProfit
ObjectiveValue,40644.99548333621,135267.19113738523,40644.99548333621,412.284,40644.99548333426
