,GeneratorProfitDual,TotalCostDispatch,RTGeneratorProfitDual,gap,SSProfit
ObjectiveValue,34882.94985187796,37820.00028435512,34882.94985187796,10029.5,34882.94985187713
