,GeneratorProfitDual,TotalCostDispatch,RTGeneratorProfitDual,gap,SSProfit
ObjectiveValue,18964.50426860361,50602.19015103593,18964.500992926223,27069.2,18964.504268605277
