,GeneratorProfitDual,TotalCostDispatch,RTGeneratorProfitDual,gap,SSProfit
ObjectiveValue,8064.79078458246,32313.211099758,8064.79078458246,189.105,8181.089731413971
