,GeneratorProfitDual,TotalCostDispatch,RTGeneratorProfitDual,gap,SSProfit
ObjectiveValue,988.3236500376922,452029.46340860816,988.3236500376922,9.56775,1213.8017423693075
