,GeneratorProfitDual,TotalCostDispatch,RTGeneratorProfitDual,gap,SSProfit
ObjectiveValue,2334.3198365151934,57233.67197841122,2334.3198365151934,18.5205,2334.3198365141334
