,GeneratorProfitDual,TotalCostDispatch,RTGeneratorProfitDual,gap,SSProfit
ObjectiveValue,3482.61370454706,112308.73848736488,3482.61370454706,151084.0,3482.613704543489
