,GeneratorProfitDual,TotalCostDispatch,RTGeneratorProfitDual,gap,SSProfit
ObjectiveValue,-257.6433744585752,621887.6312384398,-257.6433744585752,0.0,27.561087737213256
