,GeneratorProfitDual,TotalCostDispatch,RTGeneratorProfitDual,gap,SSProfit
ObjectiveValue,83126.48002798944,621909.9264337512,83126.48002798944,9753.13,83411.68449018346
