,GeneratorProfitDual,TotalCostDispatch,RTGeneratorProfitDual,gap,SSProfit
ObjectiveValue,4221.496058434253,580278.4791467527,4221.496058434253,34.5958,4256.6492557878755
