,GeneratorProfitDual,TotalCostDispatch,RTGeneratorProfitDual,gap,SSProfit
ObjectiveValue,4005.974571003033,322329.53680295934,4005.974571003033,0.0,4005.974570999996
