,GeneratorProfitDual,TotalCostDispatch,RTGeneratorProfitDual,gap,SSProfit
ObjectiveValue,31695.982864944806,127023.1548931937,31695.982864944806,353.884,31695.982864944683
