,GeneratorProfitDual,TotalCostDispatch,RTGeneratorProfitDual,gap,SSProfit
ObjectiveValue,59859.428118687356,140105.96387422024,59859.428118687356,591.234,62158.16449503094
