,GeneratorProfitDual,TotalCostDispatch,RTGeneratorProfitDual,gap,SSProfit
ObjectiveValue,89315.55755922363,246579.61913137697,89315.55755922363,10311.6,89316.50992812109
