,GeneratorProfitDual,TotalCostDispatch,RTGeneratorProfitDual,gap,SSProfit
ObjectiveValue,3598.7882760022135,90304.81957609077,3598.7882760022135,0.0,3598.7882759999957
