,GeneratorProfitDual,TotalCostDispatch,RTGeneratorProfitDual,gap,SSProfit
ObjectiveValue,54747.97003225135,125380.48978859055,54747.97003225135,2038.54,54747.97003225071
