,GeneratorProfitDual,TotalCostDispatch,RTGeneratorProfitDual,gap,SSProfit
ObjectiveValue,21778.90778869403,63602.90447559609,21778.90778869403,0.0,21778.90778869364
