,GeneratorProfitDual,TotalCostDispatch,RTGeneratorProfitDual,gap,SSProfit
ObjectiveValue,12460.601808463107,56399.69282470792,12460.601808463107,405.208,12460.601808441623
