,GeneratorProfitDual,TotalCostDispatch,RTGeneratorProfitDual,gap,SSProfit
ObjectiveValue,1868.385293598813,26021.74755703796,1868.385293598813,0.0,1868.385293597361
