,GeneratorProfitDual,TotalCostDispatch,RTGeneratorProfitDual,gap,SSProfit
ObjectiveValue,46760.56598635188,177239.92182161816,46760.56598635188,7920.85,46760.56598635097
