,GeneratorProfitDual,TotalCostDispatch,RTGeneratorProfitDual,gap,SSProfit
ObjectiveValue,34407.53680279368,175493.42702628885,34407.53680279368,1196.88,34407.53680278903
