,GeneratorProfitDual,TotalCostDispatch,RTGeneratorProfitDual,gap,SSProfit
ObjectiveValue,75061.98543119441,374847.7197178282,75061.98543119441,5554.5,75088.16555627648
