,GeneratorProfitDual,TotalCostDispatch,RTGeneratorProfitDual,gap,SSProfit
ObjectiveValue,1541.479883562059,102673.87820871733,1541.479883562059,0.0,1541.479883561806
