,GeneratorProfitDual,TotalCostDispatch,RTGeneratorProfitDual,gap,SSProfit
ObjectiveValue,-2359.705437840746,200.71619902428162,0.015731579913335736,0.0,0.01573157933997027
