,GeneratorProfitDual,TotalCostDispatch,RTGeneratorProfitDual,gap,SSProfit
ObjectiveValue,3731.859720782192,279183.91954951675,3731.859720782192,32.4715,4013.3602890000016
