,GeneratorProfitDual,TotalCostDispatch,RTGeneratorProfitDual,gap,SSProfit
ObjectiveValue,9284.867840435938,152149.01610279674,9284.867840435938,37633.0,9587.67695936676
