,GeneratorProfitDual,TotalCostDispatch,RTGeneratorProfitDual,gap,SSProfit
ObjectiveValue,1055.8323055002618,9910.845217112326,1055.8323055002618,6.88125,1055.8323054999996
