,GeneratorProfitDual,TotalCostDispatch,RTGeneratorProfitDual,gap,SSProfit
ObjectiveValue,1868.3852935978816,6883.866879288944,1868.3852935978816,0.0,1868.3852935973496
