,GeneratorProfitDual,TotalCostDispatch,RTGeneratorProfitDual,gap,SSProfit
ObjectiveValue,29675.029891888815,102749.49017451056,29675.029891888815,0.0,29675.029891887785
