,GeneratorProfitDual,TotalCostDispatch,RTGeneratorProfitDual,gap,SSProfit
ObjectiveValue,36568.698831276575,66541.6721255606,36568.698831276575,2174.58,36568.69883127568
