,GeneratorProfitDual,TotalCostDispatch,RTGeneratorProfitDual,gap,SSProfit
ObjectiveValue,3963.020790001586,228927.14159793835,3963.020790001586,0.0,3963.0207900000014
