,GeneratorProfitDual,TotalCostDispatch,RTGeneratorProfitDual,gap,SSProfit
ObjectiveValue,17200.95986632278,357099.0294076519,17200.93724590374,180.213,17200.959866320205
