,GeneratorProfitDual,TotalCostDispatch,RTGeneratorProfitDual,gap,SSProfit
ObjectiveValue,3278.516568381112,42125.65744580613,3278.516568381112,0.0,3278.516568380721
