,GeneratorProfitDual,TotalCostDispatch,RTGeneratorProfitDual,gap,SSProfit
ObjectiveValue,41795.66340851704,88958.51367103145,41795.66340851704,1119.89,41795.663408516724
