,GeneratorProfitDual,TotalCostDispatch,RTGeneratorProfitDual,gap,SSProfit
ObjectiveValue,1644.0088074586383,64101.16677538476,1644.0088074586383,1900.96,2906.8052375000025
