,GeneratorProfitDual,TotalCostDispatch,RTGeneratorProfitDual,gap,SSProfit
ObjectiveValue,41709.494407042584,202844.26092607444,41709.494407042584,17.5438,41759.391061746195
