,GeneratorProfitDual,TotalCostDispatch,RTGeneratorProfitDual,gap,SSProfit
ObjectiveValue,36917.737408691806,227389.13432126842,36917.737408691806,400.104,37440.51176019425
