,GeneratorProfitDual,TotalCostDispatch,RTGeneratorProfitDual,gap,SSProfit
ObjectiveValue,3865.3686128076483,104065.01372661671,3973.3361483076555,2.20866,3973.33614830374
