,GeneratorProfitDual,TotalCostDispatch,RTGeneratorProfitDual,gap,SSProfit
ObjectiveValue,22897.270612960398,62920.49256178824,22897.270612960398,0.0,22897.270612959834
