,GeneratorProfitDual,TotalCostDispatch,RTGeneratorProfitDual,gap,SSProfit
ObjectiveValue,544.9006285721734,17647.2943733428,544.9006285721734,0.0,544.9006285714094
