,GeneratorProfitDual,TotalCostDispatch,RTGeneratorProfitDual,gap,SSProfit
ObjectiveValue,25071.384814568424,104673.09867106231,25071.384814568424,252.072,25071.384814567224
