,GeneratorProfitDual,TotalCostDispatch,RTGeneratorProfitDual,gap,SSProfit
ObjectiveValue,39132.415940466424,70105.06708931163,39132.415940466424,624.961,39277.418674391876
