,GeneratorProfitDual,TotalCostDispatch,RTGeneratorProfitDual,gap,SSProfit
ObjectiveValue,38557.00137924054,215384.91930370513,38557.00137924054,408.06,38654.74941335872
