,GeneratorProfitDual,TotalCostDispatch,RTGeneratorProfitDual,gap,SSProfit
ObjectiveValue,1868.385293598209,2187.0480534996022,1868.385293598209,0.0,1868.3852935973496
