,GeneratorProfitDual,TotalCostDispatch,RTGeneratorProfitDual,gap,SSProfit
ObjectiveValue,3212.6983042474744,52748.10027615559,3212.6983042474744,50.2272,3212.698304246915
