,GeneratorProfitDual,TotalCostDispatch,RTGeneratorProfitDual,gap,SSProfit
ObjectiveValue,62923.61997080565,244747.44551570775,62923.61997080565,0.0,62923.61997080369
