,GeneratorProfitDual,TotalCostDispatch,RTGeneratorProfitDual,gap,SSProfit
ObjectiveValue,36249.630996349726,274082.2993733214,36249.630996349726,318.404,36471.417092027325
