,GeneratorProfitDual,TotalCostDispatch,RTGeneratorProfitDual,gap,SSProfit
ObjectiveValue,1868.3852935982222,3585.4332584208814,1868.3852935982222,0.0,1868.3852935973496
