,GeneratorProfitDual,TotalCostDispatch,RTGeneratorProfitDual,gap,SSProfit
ObjectiveValue,3592.910427848152,126372.52617371624,3592.910427848152,29.8112,3592.9104278478217
