,GeneratorProfitDual,TotalCostDispatch,RTGeneratorProfitDual,gap,SSProfit
ObjectiveValue,34837.663061343774,108103.50751842928,34837.663061343774,40078.4,34837.66306134219
