,GeneratorProfitDual,TotalCostDispatch,RTGeneratorProfitDual,gap,SSProfit
ObjectiveValue,66175.47106377031,67415.90371305044,66175.47106377031,47610.5,66175.47106376391
