,GeneratorProfitDual,TotalCostDispatch,RTGeneratorProfitDual,gap,SSProfit
ObjectiveValue,4149.131696015385,495014.1932806484,4149.131696015385,28.7188,4201.757657815452
