,GeneratorProfitDual,TotalCostDispatch,RTGeneratorProfitDual,gap,SSProfit
ObjectiveValue,25543.61221827199,119306.63854071993,25543.61221827199,0.0,25543.61221827117
