Gen_Index,Name,Zone,Category,Capacity,Fuel_Cost,Can_Spin,UTILUNIT
1,General Foods 1 NUG,PJM,CC,500,22.80795538,1,242-185
2,Kent CT 2,PJM,CT,100,27.13704451,1,242-322
4,LGP NUG (Logan),PJM,ST1,500,35.38499423,0,287-807
12,IUP NUG,PJM,DS,100,129.9799099,1,211-899
60,Barkley 3,PJM,HD,200,0,1,341-512
125,Chalk Point 3,PJM,ST2,200,37.81906645,0,235-153
196,Clinton 1,PJM,NU,1000,7.500282076,0,532-201
1853,DR5,PJM,DR,1000,2000,0,NA
