Gen_Index,"Fuel_Cost	",Pmin,start_cost,Can_Spin,Can_NonSpin,Min_Up,Min_Down,No_Load_Cost
General Foods 1 NUG,22.80795538,0.4,3466.666667,1,0,5,4,208.2107001
Kent CT 2,27.13704451,0.25,866.6666667,1,1,1,1,54.86235775
LGP NUG (Logan),35.38499423,0.4,21900,0,0,10,8,530.0650008
IUP NUG,129.9799099,0.25,600,1,1,1,1,232.4607817
Barkley 3,0,0,0,1,0,10,8,0
Chalk Point 3,37.81906645,0.6,20436.36364,0,0,12,4,533.8337833
Clinton 1,7.500282076,0.999,532500,0,0,168,168,0
DR5,2000,0,0,0,0,0,0,0
