,GeneratorProfitDual,TotalCostDispatch,RTGeneratorProfitDual,gap,SSProfit
ObjectiveValue,97.40454020257391,491216.71132968477,97.40454020257391,0.0,336.08032214279416
