,GeneratorProfitDual,TotalCostDispatch,RTGeneratorProfitDual,gap,SSProfit
ObjectiveValue,23893.26254904382,129024.82410548702,23893.26254904382,0.0,23981.537384421863
