,GeneratorProfitDual,TotalCostDispatch,RTGeneratorProfitDual,gap,SSProfit
ObjectiveValue,47508.566742768155,351121.4198444982,47508.566742768155,489.856,55645.09332620325
