,GeneratorProfitDual,TotalCostDispatch,RTGeneratorProfitDual,gap,SSProfit
ObjectiveValue,106776.45843684165,174758.4958649374,106776.45843684165,0.0,106776.45843683915
