,GeneratorProfitDual,TotalCostDispatch,RTGeneratorProfitDual,gap,SSProfit
ObjectiveValue,2565.6985511794906,15883.565568752949,2565.6985511794906,20.0095,2565.6985511785742
