,GeneratorProfitDual,TotalCostDispatch,RTGeneratorProfitDual,gap,SSProfit
ObjectiveValue,22484.646496283007,167699.07853337328,22484.646496283007,186.835,22484.64649627938
