,GeneratorProfitDual,TotalCostDispatch,RTGeneratorProfitDual,gap,SSProfit
ObjectiveValue,58145.23954331596,207744.61800193007,58145.18720578589,1225.37,58145.23954331022
