,GeneratorProfitDual,TotalCostDispatch,RTGeneratorProfitDual,gap,SSProfit
ObjectiveValue,86086.7042415639,397480.77563936857,86086.7042415639,854.345,86279.25402640009
