,GeneratorProfitDual,TotalCostDispatch,RTGeneratorProfitDual,gap,SSProfit
ObjectiveValue,7945.779862497844,207763.91133036764,7945.779862497844,19.2933,7945.779862496012
