,GeneratorProfitDual,TotalCostDispatch,RTGeneratorProfitDual,gap,SSProfit
ObjectiveValue,24552.899481784647,66773.67501134254,24552.899481784647,0.0,24552.899481783923
