,GeneratorProfitDual,TotalCostDispatch,RTGeneratorProfitDual,gap,SSProfit
ObjectiveValue,54573.19006253705,107293.23779599575,54573.19006253705,8814.3,54573.19006253648
