,GeneratorProfitDual,TotalCostDispatch,RTGeneratorProfitDual,gap,SSProfit
ObjectiveValue,2548.0325506911836,26495.593135798146,2548.0325506911836,95.8813,2548.03255069022
