,GeneratorProfitDual,TotalCostDispatch,RTGeneratorProfitDual,gap,SSProfit
ObjectiveValue,25950.293448048687,57233.671978402046,25950.293448048687,19449.1,25950.293448047447
