,GeneratorProfitDual,TotalCostDispatch,RTGeneratorProfitDual,gap,SSProfit
ObjectiveValue,103313.569747494,17392.086704835343,103313.569747494,1027.2,103732.11625462917
