,GeneratorProfitDual,TotalCostDispatch,RTGeneratorProfitDual,gap,SSProfit
ObjectiveValue,2906.805237501102,63042.28741766321,2906.805237501102,23.2989,2906.805237500015
