,GeneratorProfitDual,TotalCostDispatch,RTGeneratorProfitDual,gap,SSProfit
ObjectiveValue,3285.3581199689243,121012.36522493357,3285.3581199689243,25.6769,3285.3581199678138
