,GeneratorProfitDual,TotalCostDispatch,RTGeneratorProfitDual,gap,SSProfit
ObjectiveValue,4026.7711980028885,302679.6918491896,4026.7711980028885,0.0,4026.7711980000204
