,GeneratorProfitDual,TotalCostDispatch,RTGeneratorProfitDual,gap,SSProfit
ObjectiveValue,29033.045077567796,104673.09867106246,29033.045077567796,275.44,29033.0450775672
