,GeneratorProfitDual,TotalCostDispatch,RTGeneratorProfitDual,gap,SSProfit
ObjectiveValue,3661.4046503165114,59293.51502379741,3661.4046503165114,13958.3,3661.4046503144896
