,GeneratorProfitDual,TotalCostDispatch,RTGeneratorProfitDual,gap,SSProfit
ObjectiveValue,31156.06095876273,157373.7514052741,31156.06095876273,0.0,31156.060958762195
