,GeneratorProfitDual,TotalCostDispatch,RTGeneratorProfitDual,gap,SSProfit
ObjectiveValue,25407.649410522663,55198.16437155003,25407.649410522663,32151.0,25407.649410521037
