,GeneratorProfitDual,TotalCostDispatch,RTGeneratorProfitDual,gap,SSProfit
ObjectiveValue,3059.8252230034777,112517.89284878051,3059.8252230034777,0.0,3059.8252230000244
