,GeneratorProfitDual,TotalCostDispatch,RTGeneratorProfitDual,gap,SSProfit
ObjectiveValue,47852.74377482434,424999.56239646405,47852.74377482434,309.34,47852.74377482267
