,GeneratorProfitDual,TotalCostDispatch,RTGeneratorProfitDual,gap,SSProfit
ObjectiveValue,45091.563855765715,87393.75691058068,45091.563855765715,37116.5,45091.563855764725
