,GeneratorProfitDual,TotalCostDispatch,RTGeneratorProfitDual,gap,SSProfit
ObjectiveValue,29721.181135866198,95569.80442628317,29721.181135866198,299.064,29721.18113586179
