,GeneratorProfitDual,TotalCostDispatch,RTGeneratorProfitDual,gap,SSProfit
ObjectiveValue,75160.62408863733,375359.5336361472,75160.62408863733,901.427,75164.66674816396
