,GeneratorProfitDual,TotalCostDispatch,RTGeneratorProfitDual,gap,SSProfit
ObjectiveValue,41638.07029825951,53462.59276177915,41638.07029825951,0.0,41638.07029825878
