,GeneratorProfitDual,TotalCostDispatch,RTGeneratorProfitDual,gap,SSProfit
ObjectiveValue,17869.553653820218,655419.3784775037,17869.553653820218,58.5119,17869.553653816085
