,GeneratorProfitDual,TotalCostDispatch,RTGeneratorProfitDual,gap,SSProfit
ObjectiveValue,40464.61262215039,546468.1605829244,40464.61262215039,321.686,40464.61262214458
