,GeneratorProfitDual,TotalCostDispatch,RTGeneratorProfitDual,gap,SSProfit
ObjectiveValue,14924.201009089436,32325.05049226822,14924.201009089436,226.468,15215.267623046608
