,GeneratorProfitDual,TotalCostDispatch,RTGeneratorProfitDual,gap,SSProfit
ObjectiveValue,17945.60119646937,126284.73950298985,17945.60119646937,32199.8,17945.60119646924
