,GeneratorProfitDual,TotalCostDispatch,RTGeneratorProfitDual,gap,SSProfit
ObjectiveValue,57549.643212457515,267126.99039080436,57549.643212457515,580.159,57847.187198320295
