,GeneratorProfitDual,TotalCostDispatch,RTGeneratorProfitDual,gap,SSProfit
ObjectiveValue,76382.30430024186,184317.53043928064,76382.30430024186,2936.68,76382.304300235
