,GeneratorProfitDual,TotalCostDispatch,RTGeneratorProfitDual,gap,SSProfit
ObjectiveValue,3965.7418440018173,200528.6700341858,3965.7418440018173,0.0,3964.3813169999985
