,GeneratorProfitDual,TotalCostDispatch,RTGeneratorProfitDual,gap,SSProfit
ObjectiveValue,53917.08418945252,261392.36836390852,53917.08418945252,41223.4,54174.118653142745
