,GeneratorProfitDual,TotalCostDispatch,RTGeneratorProfitDual,gap,SSProfit
ObjectiveValue,3935.6158890010956,107293.23779599513,3935.6158890010956,13.0819,3935.6158889999915
