,GeneratorProfitDual,TotalCostDispatch,RTGeneratorProfitDual,gap,SSProfit
ObjectiveValue,3964.381317005931,204552.17629699432,3964.381317005931,0.0,3964.3813170000262
