,GeneratorProfitDual,TotalCostDispatch,RTGeneratorProfitDual,gap,SSProfit
ObjectiveValue,32426.796798578787,188250.8019305877,32426.796798578787,354.261,32567.20959175744
