,GeneratorProfitDual,TotalCostDispatch,RTGeneratorProfitDual,gap,SSProfit
ObjectiveValue,3409.869384001668,75854.0601563893,3409.869384001668,0.0,3409.8693839999955
