,GeneratorProfitDual,TotalCostDispatch,RTGeneratorProfitDual,gap,SSProfit
ObjectiveValue,786.5789670020334,18971.581678145227,786.5789670020334,0.0,786.5789670000139
