,GeneratorProfitDual,TotalCostDispatch,RTGeneratorProfitDual,gap,SSProfit
ObjectiveValue,7177.873612900927,48857.13391661943,7177.873612900927,0.0,7177.873612898812
