,GeneratorProfitDual,TotalCostDispatch,RTGeneratorProfitDual,gap,SSProfit
ObjectiveValue,786.5789670024401,44362.80980823525,786.5789670024401,0.0,786.5789670000139
