,GeneratorProfitDual,TotalCostDispatch,RTGeneratorProfitDual,gap,SSProfit
ObjectiveValue,947.0495631096896,534119.7925941992,947.0495631096896,7.51991,992.9761823162412
