,GeneratorProfitDual,TotalCostDispatch,RTGeneratorProfitDual,gap,SSProfit
ObjectiveValue,37189.93382462099,248147.88596412542,37189.93382462099,373.69,37274.97810101624
