,GeneratorProfitDual,TotalCostDispatch,RTGeneratorProfitDual,gap,SSProfit
ObjectiveValue,67188.50288500739,280709.847195592,67188.50288500739,121.119,67265.41589936671
