,GeneratorProfitDual,TotalCostDispatch,RTGeneratorProfitDual,gap,SSProfit
ObjectiveValue,8833.762436593648,9797.023919406234,8833.762436593648,33.4387,8833.762436593472
