,GeneratorProfitDual,TotalCostDispatch,RTGeneratorProfitDual,gap,SSProfit
ObjectiveValue,36819.708721806885,249400.21546216862,36819.708721806885,88.1118,36918.0937402169
