,GeneratorProfitDual,TotalCostDispatch,RTGeneratorProfitDual,gap,SSProfit
ObjectiveValue,25316.752008304178,28327.81977488192,25316.752008304178,26036.7,25316.75200830348
