,GeneratorProfitDual,TotalCostDispatch,RTGeneratorProfitDual,gap,SSProfit
ObjectiveValue,40528.15747180555,98775.4144431686,40528.15747180555,24102.8,40528.1574718053
