,GeneratorProfitDual,TotalCostDispatch,RTGeneratorProfitDual,gap,SSProfit
ObjectiveValue,53292.09040395537,560294.5955155789,53292.09040395537,530.85,53292.09040394968
