,GeneratorProfitDual,TotalCostDispatch,RTGeneratorProfitDual,gap,SSProfit
ObjectiveValue,58780.110679634345,364976.01478619454,58780.110679634345,606.794,58780.11067963041
