,GeneratorProfitDual,TotalCostDispatch,RTGeneratorProfitDual,gap,SSProfit
ObjectiveValue,1111.8384976310833,29963.569603273238,1111.8384976310833,10408.2,1651.0733946738014
