,GeneratorProfitDual,TotalCostDispatch,RTGeneratorProfitDual,gap,SSProfit
ObjectiveValue,29528.834947604322,55106.34597819217,29528.834947604322,286.593,29528.834947603726
