,GeneratorProfitDual,TotalCostDispatch,RTGeneratorProfitDual,gap,SSProfit
ObjectiveValue,32604.29112296635,55198.164371550905,32604.29112296635,443.483,32604.29112296554
