,GeneratorProfitDual,TotalCostDispatch,RTGeneratorProfitDual,gap,SSProfit
ObjectiveValue,51101.37733878755,151110.06955070718,51101.37733878755,46944.5,51291.88784501686
