,GeneratorProfitDual,TotalCostDispatch,RTGeneratorProfitDual,gap,SSProfit
ObjectiveValue,52474.43827872125,109138.55865268366,52474.43827872125,12581.1,52474.43827872625
