,GeneratorProfitDual,TotalCostDispatch,RTGeneratorProfitDual,gap,SSProfit
ObjectiveValue,17083.112066693437,334198.74647015426,17083.112066693437,103.566,17204.668342776906
