,GeneratorProfitDual,TotalCostDispatch,RTGeneratorProfitDual,gap,SSProfit
ObjectiveValue,48670.40808374882,145254.13962207508,48670.40808374882,26009.3,48670.40808374694
