,GeneratorProfitDual,TotalCostDispatch,RTGeneratorProfitDual,gap,SSProfit
ObjectiveValue,3329.07856150135,43609.74505290326,3329.07856150135,2.89265,3329.078561499993
