,GeneratorProfitDual,TotalCostDispatch,RTGeneratorProfitDual,gap,SSProfit
ObjectiveValue,21266.87846132763,452030.16187645483,21266.85203211882,212.511,21483.544673327186
