,GeneratorProfitDual,TotalCostDispatch,RTGeneratorProfitDual,gap,SSProfit
ObjectiveValue,794.8277118149506,65624.13180549639,794.8277118149506,0.0,794.8277118134779
