,GeneratorProfitDual,TotalCostDispatch,RTGeneratorProfitDual,gap,SSProfit
ObjectiveValue,15347.440523721774,217946.18600394638,15347.440523721774,39105.0,15347.440523715446
