,GeneratorProfitDual,TotalCostDispatch,RTGeneratorProfitDual,gap,SSProfit
ObjectiveValue,89483.13744725016,246580.35078162182,89483.13744725016,4310.18,89600.53179707183
