,GeneratorProfitDual,TotalCostDispatch,RTGeneratorProfitDual,gap,SSProfit
ObjectiveValue,2766.6931920738325,27277.49691020899,2766.6931920738325,141.044,2766.6931920734287
