,GeneratorProfitDual,TotalCostDispatch,RTGeneratorProfitDual,gap,SSProfit
ObjectiveValue,2360.669062527475,22454.010880637466,2360.669062527475,1.59641,2360.669062526905
