,GeneratorProfitDual,TotalCostDispatch,RTGeneratorProfitDual,gap,SSProfit
ObjectiveValue,2362.4558322175944,12356.376321221998,2362.4558322175944,15.4685,2362.4558322172315
