,GeneratorProfitDual,TotalCostDispatch,RTGeneratorProfitDual,gap,SSProfit
ObjectiveValue,-2899.5431922361777,137378.9162583888,-2899.5431922361777,69404.4,10088.74557024586
