,GeneratorProfitDual,TotalCostDispatch,RTGeneratorProfitDual,gap,SSProfit
ObjectiveValue,3980.707641006222,207744.6180019301,3980.707641006222,0.0,3980.7076410000013
