,GeneratorProfitDual,TotalCostDispatch,RTGeneratorProfitDual,gap,SSProfit
ObjectiveValue,53585.59391722901,271091.039686033,53585.59391722901,534.092,53882.80588132029
