,GeneratorProfitDual,TotalCostDispatch,RTGeneratorProfitDual,gap,SSProfit
ObjectiveValue,90761.42158839379,204552.17629699426,90761.42158839379,27220.8,90761.42158838804
