,GeneratorProfitDual,TotalCostDispatch,RTGeneratorProfitDual,gap,SSProfit
ObjectiveValue,43144.36572389018,282748.9375253802,43144.36572389018,436.927,43144.36572388688
