,GeneratorProfitDual,TotalCostDispatch,RTGeneratorProfitDual,gap,SSProfit
ObjectiveValue,110194.83308701079,539431.8341046856,110194.83308701079,952.247,110194.83308700685
