,GeneratorProfitDual,TotalCostDispatch,RTGeneratorProfitDual,gap,SSProfit
ObjectiveValue,1055.8323055006808,28425.80167097592,1055.8323055006808,0.143101,1055.832305500001
