,GeneratorProfitDual,TotalCostDispatch,RTGeneratorProfitDual,gap,SSProfit
ObjectiveValue,48395.92368969695,175548.77392997895,48395.92368969695,486.827,48970.50247227908
