,GeneratorProfitDual,TotalCostDispatch,RTGeneratorProfitDual,gap,SSProfit
ObjectiveValue,46422.957256317255,228924.88552927575,46422.957256317255,7255.91,46422.9572563137
