,GeneratorProfitDual,TotalCostDispatch,RTGeneratorProfitDual,gap,SSProfit
ObjectiveValue,3512.7631252060182,64679.33426736881,3512.7631252060182,0.0,3617.1585346956495
