,GeneratorProfitDual,TotalCostDispatch,RTGeneratorProfitDual,gap,SSProfit
ObjectiveValue,12073.875051858846,664628.4418776893,12073.856544118618,121.053,12474.082624944476
