,GeneratorProfitDual,TotalCostDispatch,RTGeneratorProfitDual,gap,SSProfit
ObjectiveValue,3348.367258517546,58492.430111329595,3348.367258517546,0.0,3348.3672585171926
