,GeneratorProfitDual,TotalCostDispatch,RTGeneratorProfitDual,gap,SSProfit
ObjectiveValue,34589.87964708677,215384.14963414514,34589.87964708677,371.018,34689.309931181255
