,GeneratorProfitDual,TotalCostDispatch,RTGeneratorProfitDual,gap,SSProfit
ObjectiveValue,47851.10771807391,424999.5623964639,47851.10771807391,322.907,47851.107718071915
