,GeneratorProfitDual,TotalCostDispatch,RTGeneratorProfitDual,gap,SSProfit
ObjectiveValue,58.24726383788993,776615.9102022314,58.24726383788993,0.168308,58.247263833953596
