,GeneratorProfitDual,TotalCostDispatch,RTGeneratorProfitDual,gap,SSProfit
ObjectiveValue,56548.92307504529,351108.8742755426,56548.92307504529,4396.64,56548.92307504485
