,GeneratorProfitDual,TotalCostDispatch,RTGeneratorProfitDual,gap,SSProfit
ObjectiveValue,32778.72959197992,17779.04004211631,32778.72959197992,17837.8,32778.72959197808
