,GeneratorProfitDual,TotalCostDispatch,RTGeneratorProfitDual,gap,SSProfit
ObjectiveValue,3996.4044484191722,263387.39418600884,3996.4044484191722,16.7902,3996.4044484139613
