,GeneratorProfitDual,TotalCostDispatch,RTGeneratorProfitDual,gap,SSProfit
ObjectiveValue,6949.404304287535,79628.21425443816,6949.404304287535,0.0,6949.404304284506
