,GeneratorProfitDual,TotalCostDispatch,RTGeneratorProfitDual,gap,SSProfit
ObjectiveValue,54749.83291764957,271333.37591372436,54749.83291764957,529.021,54749.832917648746
