,GeneratorProfitDual,TotalCostDispatch,RTGeneratorProfitDual,gap,SSProfit
ObjectiveValue,45249.799832868135,178627.99410423054,45249.799832868135,471.407,45428.48733805232
