,GeneratorProfitDual,TotalCostDispatch,RTGeneratorProfitDual,gap,SSProfit
ObjectiveValue,1435.5220978034222,631098.9425247331,1435.5220978034222,15.0127,1627.3060182276552
