,GeneratorProfitDual,TotalCostDispatch,RTGeneratorProfitDual,gap,SSProfit
ObjectiveValue,1868.3852935989003,23526.04413366126,1868.3852935989003,0.0,1868.3852935973619
