,GeneratorProfitDual,TotalCostDispatch,RTGeneratorProfitDual,gap,SSProfit
ObjectiveValue,1757.1565191070915,586379.8695920587,1757.1565191070915,3.65274,1830.3980038239172
