,GeneratorProfitDual,TotalCostDispatch,RTGeneratorProfitDual,gap,SSProfit
ObjectiveValue,22855.608731669134,656328.5601599109,22855.581987595528,227.54,23063.706894127463
