,GeneratorProfitDual,TotalCostDispatch,RTGeneratorProfitDual,gap,SSProfit
ObjectiveValue,63265.01229029104,234257.0153637088,63265.01229029104,13677.8,63265.01229028963
