,GeneratorProfitDual,TotalCostDispatch,RTGeneratorProfitDual,gap,SSProfit
ObjectiveValue,21895.37819286479,674562.3359357223,21895.37819286479,205.06,22022.43518478031
