,GeneratorProfitDual,TotalCostDispatch,RTGeneratorProfitDual,gap,SSProfit
ObjectiveValue,760.2130343526676,39386.40747360193,760.2130343526676,0.0,760.2130343512031
