,GeneratorProfitDual,TotalCostDispatch,RTGeneratorProfitDual,gap,SSProfit
ObjectiveValue,69981.03731296884,586369.4891451794,69981.03731296884,1253.63,70043.89835080663
