,GeneratorProfitDual,TotalCostDispatch,RTGeneratorProfitDual,gap,SSProfit
ObjectiveValue,21956.23362776263,21763.01573153947,21956.23362776263,219.548,21956.233627762052
