,GeneratorProfitDual,TotalCostDispatch,RTGeneratorProfitDual,gap,SSProfit
ObjectiveValue,6298.314446737836,160445.64376058368,6298.314446737836,6209.35,6298.3144467370885
