,GeneratorProfitDual,TotalCostDispatch,RTGeneratorProfitDual,gap,SSProfit
ObjectiveValue,83822.77027861282,322308.7401759562,83822.74662196785,51373.7,83822.77027860719
