,GeneratorProfitDual,TotalCostDispatch,RTGeneratorProfitDual,gap,SSProfit
ObjectiveValue,3482.613704546667,84587.77611098155,3482.613704546667,0.0,3482.613704543492
