,GeneratorProfitDual,TotalCostDispatch,RTGeneratorProfitDual,gap,SSProfit
ObjectiveValue,55568.66272032032,327920.55067392485,55568.66272032032,566.404,55678.40608331259
