,GeneratorProfitDual,TotalCostDispatch,RTGeneratorProfitDual,gap,SSProfit
ObjectiveValue,7203.574930496032,37528.514319199516,7203.574930496032,0.0,7203.574930493685
