,GeneratorProfitDual,TotalCostDispatch,RTGeneratorProfitDual,gap,SSProfit
ObjectiveValue,786.5789670010073,14017.891272984327,786.5789670010073,0.0,786.5789670000139
