,GeneratorProfitDual,TotalCostDispatch,RTGeneratorProfitDual,gap,SSProfit
ObjectiveValue,2675.5721599335293,22391.69817653204,2675.5721599335293,24.8335,2675.572159932518
