,GeneratorProfitDual,TotalCostDispatch,RTGeneratorProfitDual,gap,SSProfit
ObjectiveValue,3177.686181327357,39028.14108214417,3177.686181327357,69872.8,3177.686181327047
