,GeneratorProfitDual,TotalCostDispatch,RTGeneratorProfitDual,gap,SSProfit
ObjectiveValue,73523.30569948727,210824.91392266925,73523.30569948727,0.0,73523.30569948575
