,GeneratorProfitDual,TotalCostDispatch,RTGeneratorProfitDual,gap,SSProfit
ObjectiveValue,42934.18700654018,120331.93891324088,42934.16571866086,54708.1,42934.18700653964
