,GeneratorProfitDual,TotalCostDispatch,RTGeneratorProfitDual,gap,SSProfit
ObjectiveValue,3886.084575635403,216991.40630719136,3886.084575635403,0.0,3954.291700950768
