,GeneratorProfitDual,TotalCostDispatch,RTGeneratorProfitDual,gap,SSProfit
ObjectiveValue,104210.19570697265,40891.394765033925,104210.19570697265,1051.27,105922.10484815715
