,GeneratorProfitDual,TotalCostDispatch,RTGeneratorProfitDual,gap,SSProfit
ObjectiveValue,7120.936820924164,569487.7859780153,7120.936820924164,1.58094,7120.9368209222275
