,GeneratorProfitDual,TotalCostDispatch,RTGeneratorProfitDual,gap,SSProfit
ObjectiveValue,29059.81102391701,303764.55404190905,29059.81102391701,395.875,29059.81102391281
