,GeneratorProfitDual,TotalCostDispatch,RTGeneratorProfitDual,gap,SSProfit
ObjectiveValue,2685.893925536584,20504.42676522941,2685.893925536584,0.0,2685.893925536305
