,GeneratorProfitDual,TotalCostDispatch,RTGeneratorProfitDual,gap,SSProfit
ObjectiveValue,2947.5394244727836,51675.917601742134,2947.5394244727836,3.60829,2947.5394244719146
