,GeneratorProfitDual,TotalCostDispatch,RTGeneratorProfitDual,gap,SSProfit
ObjectiveValue,3743.2980175703933,98803.38588336151,3743.2980175703933,26.0292,3743.2980175695157
