,GeneratorProfitDual,TotalCostDispatch,RTGeneratorProfitDual,gap,SSProfit
ObjectiveValue,49711.43347697249,88921.40205313792,49711.43347697249,775.959,49711.43347697213
