,GeneratorProfitDual,TotalCostDispatch,RTGeneratorProfitDual,gap,SSProfit
ObjectiveValue,3516.2373491452195,210654.3950587108,3516.2373491452195,30.4196,3838.7984069475265
