,GeneratorProfitDual,TotalCostDispatch,RTGeneratorProfitDual,gap,SSProfit
ObjectiveValue,3513.5168978436354,210654.3950587108,3513.5168978436354,15.8042,3830.873244565059
