,GeneratorProfitDual,TotalCostDispatch,RTGeneratorProfitDual,gap,SSProfit
ObjectiveValue,2504.4964500944075,71248.90693099528,2504.4964500944075,8.12252,2504.4964500930555
