,GeneratorProfitDual,TotalCostDispatch,RTGeneratorProfitDual,gap,SSProfit
ObjectiveValue,45909.09919376942,279184.1326446636,45909.09919376942,13168.8,46199.65925677784
