,GeneratorProfitDual,TotalCostDispatch,RTGeneratorProfitDual,gap,SSProfit
ObjectiveValue,3329.781234846589,78924.7998801914,3329.781234846589,0.0,3329.781234843887
