,GeneratorProfitDual,TotalCostDispatch,RTGeneratorProfitDual,gap,SSProfit
ObjectiveValue,3964.381317000672,125380.48978859052,3964.381317000672,0.0,3964.381316999983
