,GeneratorProfitDual,TotalCostDispatch,RTGeneratorProfitDual,gap,SSProfit
ObjectiveValue,3275.3306912225025,64140.25706225162,3275.3306912225025,0.0,3275.330691221897
