,GeneratorProfitDual,TotalCostDispatch,RTGeneratorProfitDual,gap,SSProfit
ObjectiveValue,17283.13705931661,674562.3359357222,17283.13705931661,171.019,17410.194051231603
