,GeneratorProfitDual,TotalCostDispatch,RTGeneratorProfitDual,gap,SSProfit
ObjectiveValue,66106.65482531277,207744.61800193394,66106.65482531277,0.0,66106.65482531028
