,GeneratorProfitDual,TotalCostDispatch,RTGeneratorProfitDual,gap,SSProfit
ObjectiveValue,9821.192808439322,594098.1276177692,9821.164338440001,98.2067,10005.233239335614
