,GeneratorProfitDual,TotalCostDispatch,RTGeneratorProfitDual,gap,SSProfit
ObjectiveValue,80271.06359054265,542612.9266567127,80271.04893654026,34585.3,80351.95952363026
