,GeneratorProfitDual,TotalCostDispatch,RTGeneratorProfitDual,gap,SSProfit
ObjectiveValue,54400.91582369496,177558.77303784358,54400.91582369496,1868.29,54400.915823694224
