,GeneratorProfitDual,TotalCostDispatch,RTGeneratorProfitDual,gap,SSProfit
ObjectiveValue,529.6527481112497,90556.6555082786,529.6527481112497,22.9922,3084.0733298478176
