,GeneratorProfitDual,TotalCostDispatch,RTGeneratorProfitDual,gap,SSProfit
ObjectiveValue,3620.7970947287495,120331.93891324085,3620.7970947287495,0.111156,3620.7970947278955
