,GeneratorProfitDual,TotalCostDispatch,RTGeneratorProfitDual,gap,SSProfit
ObjectiveValue,40763.62888677166,226559.98073070505,40763.62888677166,0.0,40828.37896954156
