,GeneratorProfitDual,TotalCostDispatch,RTGeneratorProfitDual,gap,SSProfit
ObjectiveValue,1253.0491905290862,55681.547595931675,1253.0491905290862,19.8118,1959.9214899206745
