,GeneratorProfitDual,TotalCostDispatch,RTGeneratorProfitDual,gap,SSProfit
ObjectiveValue,13161.685184018652,338200.57298390707,13161.685184018652,102.214,13235.828542392801
