,GeneratorProfitDual,TotalCostDispatch,RTGeneratorProfitDual,gap,SSProfit
ObjectiveValue,34819.45883572326,71062.47793649485,34819.45883572326,695.715,35071.50513159641
