,GeneratorProfitDual,TotalCostDispatch,RTGeneratorProfitDual,gap,SSProfit
ObjectiveValue,25595.338867148537,186864.66069375002,25595.338867148537,489.805,25760.52586260715
