,GeneratorProfitDual,TotalCostDispatch,RTGeneratorProfitDual,gap,SSProfit
ObjectiveValue,1737.9638963464831,210824.91392266334,1737.9638963464831,4.42455,1920.1263007095795
