,GeneratorProfitDual,TotalCostDispatch,RTGeneratorProfitDual,gap,SSProfit
ObjectiveValue,48705.99927895255,169188.2418953758,48705.99927895255,0.0,48705.99927894832
