,GeneratorProfitDual,TotalCostDispatch,RTGeneratorProfitDual,gap,SSProfit
ObjectiveValue,40742.62049062212,136141.77783861608,40742.62049062212,461.421,40742.620490621455
