,GeneratorProfitDual,TotalCostDispatch,RTGeneratorProfitDual,gap,SSProfit
ObjectiveValue,1136.6231280018433,50653.44457093638,1136.6231280018433,0.0,1136.6231280000209
