,GeneratorProfitDual,TotalCostDispatch,RTGeneratorProfitDual,gap,SSProfit
ObjectiveValue,3329.078561501992,43954.22848744244,3329.078561501992,0.0,3329.078561500001
