,GeneratorProfitDual,TotalCostDispatch,RTGeneratorProfitDual,gap,SSProfit
ObjectiveValue,66626.13446867866,274949.0279179786,66626.13446867866,611.672,66626.13446867227
