,GeneratorProfitDual,TotalCostDispatch,RTGeneratorProfitDual,gap,SSProfit
ObjectiveValue,3560.1861268623506,101352.07053373322,3560.1861268623506,6.19142,3560.1861268617504
