,GeneratorProfitDual,TotalCostDispatch,RTGeneratorProfitDual,gap,SSProfit
ObjectiveValue,3209.9608736948985,300061.45459948183,3209.9608736948985,24.149,3458.030796563805
