,GeneratorProfitDual,TotalCostDispatch,RTGeneratorProfitDual,gap,SSProfit
ObjectiveValue,10322.083932248866,29791.253285245984,10322.083932248866,221.555,10322.083932248352
