,GeneratorProfitDual,TotalCostDispatch,RTGeneratorProfitDual,gap,SSProfit
ObjectiveValue,30702.033659216682,177711.34748534558,30702.033659216682,298.042,30903.503728185686
