,GeneratorProfitDual,TotalCostDispatch,RTGeneratorProfitDual,gap,SSProfit
ObjectiveValue,17940.603929326444,58596.02075498985,17940.603929326444,0.0,18062.845626243536
