,GeneratorProfitDual,TotalCostDispatch,RTGeneratorProfitDual,gap,SSProfit
ObjectiveValue,39858.7839993915,529872.454390261,39858.7839993915,402.274,39858.78399938848
