,GeneratorProfitDual,TotalCostDispatch,RTGeneratorProfitDual,gap,SSProfit
ObjectiveValue,7326.7237588520275,776615.9102022327,7326.7237588520275,21.1963,7326.723758849186
