,GeneratorProfitDual,TotalCostDispatch,RTGeneratorProfitDual,gap,SSProfit
ObjectiveValue,18831.213591184267,36308.183171807854,18831.213591184267,0.0,18831.213591181506
