,GeneratorProfitDual,TotalCostDispatch,RTGeneratorProfitDual,gap,SSProfit
ObjectiveValue,31111.116851027466,102900.40615735686,31111.116851027466,0.0,31111.116851022394
