,GeneratorProfitDual,TotalCostDispatch,RTGeneratorProfitDual,gap,SSProfit
ObjectiveValue,3966.062544432588,332826.04351481097,3966.062544432588,0.0,3966.0625444281914
