,GeneratorProfitDual,TotalCostDispatch,RTGeneratorProfitDual,gap,SSProfit
ObjectiveValue,98488.82162399158,190502.16906373628,98488.82162399158,980.86,100048.61100494413
