,GeneratorProfitDual,TotalCostDispatch,RTGeneratorProfitDual,gap,SSProfit
ObjectiveValue,45084.688498776915,120331.93891324088,45084.688498776915,35498.1,45084.6884987765
