,GeneratorProfitDual,TotalCostDispatch,RTGeneratorProfitDual,gap,SSProfit
ObjectiveValue,63412.13358194853,332826.0435148109,63412.10715273972,433.324,63412.1335819449
