,GeneratorProfitDual,TotalCostDispatch,RTGeneratorProfitDual,gap,SSProfit
ObjectiveValue,2914.070552013166,28091.733083621046,2914.070552013166,0.0,2914.070552010931
