,GeneratorProfitDual,TotalCostDispatch,RTGeneratorProfitDual,gap,SSProfit
ObjectiveValue,3969.30191520331,311918.62603544863,3969.30191520331,18.6494,4024.639351175716
