,GeneratorProfitDual,TotalCostDispatch,RTGeneratorProfitDual,gap,SSProfit
ObjectiveValue,43372.192557698305,324822.48279501486,43372.192557698305,30503.7,43372.19255769684
