,GeneratorProfitDual,TotalCostDispatch,RTGeneratorProfitDual,gap,SSProfit
ObjectiveValue,3475.2116207917525,244464.1654361116,3475.2116207917525,2.69384,3475.211620790913
