,GeneratorProfitDual,TotalCostDispatch,RTGeneratorProfitDual,gap,SSProfit
ObjectiveValue,32283.758317770036,143871.92025773475,32283.758317770036,223.0,32283.758317767002
