,GeneratorProfitDual,TotalCostDispatch,RTGeneratorProfitDual,gap,SSProfit
ObjectiveValue,82921.10447107677,621887.6312384397,82921.07762593546,12462.9,83206.30893327117
