,GeneratorProfitDual,TotalCostDispatch,RTGeneratorProfitDual,gap,SSProfit
ObjectiveValue,87433.63663046603,133851.0575471276,87433.63663046603,0.0,87433.63663046516
