,GeneratorProfitDual,TotalCostDispatch,RTGeneratorProfitDual,gap,SSProfit
ObjectiveValue,3482.6137045474998,98809.01809371392,3482.6137045474998,0.0,3482.6137045434966
