,GeneratorProfitDual,TotalCostDispatch,RTGeneratorProfitDual,gap,SSProfit
ObjectiveValue,25891.07015460917,102719.03721258574,25891.07015460917,0.0,25891.070154605895
