,GeneratorProfitDual,TotalCostDispatch,RTGeneratorProfitDual,gap,SSProfit
ObjectiveValue,4081.194222696521,59293.51502379884,4081.194222696521,508.884,4081.1942226960637
