,GeneratorProfitDual,TotalCostDispatch,RTGeneratorProfitDual,gap,SSProfit
ObjectiveValue,-43.26244878980606,27360.967051079824,-43.26244878980606,0.0,4.3099766986459056e-07
