,GeneratorProfitDual,TotalCostDispatch,RTGeneratorProfitDual,gap,SSProfit
ObjectiveValue,102846.27135483084,61256.95936515162,102846.27135483084,1016.96,111230.78346140173
