,GeneratorProfitDual,TotalCostDispatch,RTGeneratorProfitDual,gap,SSProfit
ObjectiveValue,23007.021918508475,136464.02252766164,23007.021918508475,228.753,23007.021918504743
