,GeneratorProfitDual,TotalCostDispatch,RTGeneratorProfitDual,gap,SSProfit
ObjectiveValue,24426.818761918043,56106.02828947277,24426.818761918043,0.0,24545.480399041324
