,GeneratorProfitDual,TotalCostDispatch,RTGeneratorProfitDual,gap,SSProfit
ObjectiveValue,16671.248119347663,46220.305564631155,16671.248119347663,0.0,16671.248119344487
