,GeneratorProfitDual,TotalCostDispatch,RTGeneratorProfitDual,gap,SSProfit
ObjectiveValue,7288.878502773439,104728.32058524081,7288.878502773439,7.40022,7289.263337549481
