,GeneratorProfitDual,TotalCostDispatch,RTGeneratorProfitDual,gap,SSProfit
ObjectiveValue,11816.75016915436,631106.6909967026,11816.75016915436,124.938,12016.507438943145
