,GeneratorProfitDual,TotalCostDispatch,RTGeneratorProfitDual,gap,SSProfit
ObjectiveValue,6626.596520118208,31890.27971136494,6626.596520118208,169.711,6626.596520117738
