,GeneratorProfitDual,TotalCostDispatch,RTGeneratorProfitDual,gap,SSProfit
ObjectiveValue,27192.657518467247,311335.5677292704,27192.657518467247,264.964,27192.657518463217
