,GeneratorProfitDual,TotalCostDispatch,RTGeneratorProfitDual,gap,SSProfit
ObjectiveValue,2435.0800730320925,17192.522654199114,2435.0800730320925,0.0,2435.080073031835
