,GeneratorProfitDual,TotalCostDispatch,RTGeneratorProfitDual,gap,SSProfit
ObjectiveValue,36241.01830213057,274082.29937332135,36241.01830213057,249.056,36462.80439780833
