,GeneratorProfitDual,TotalCostDispatch,RTGeneratorProfitDual,gap,SSProfit
ObjectiveValue,70659.53252174718,169376.02392795272,70659.53252174718,0.0,70665.87106989094
