,GeneratorProfitDual,TotalCostDispatch,RTGeneratorProfitDual,gap,SSProfit
ObjectiveValue,2992.2909106458874,303686.1051353396,2992.2909106458874,10.441,2992.290910641487
