,GeneratorProfitDual,TotalCostDispatch,RTGeneratorProfitDual,gap,SSProfit
ObjectiveValue,32486.746457083256,143871.92025775238,32486.746457083256,307.653,32486.746457112982
