,GeneratorProfitDual,TotalCostDispatch,RTGeneratorProfitDual,gap,SSProfit
ObjectiveValue,7543.745850746912,9910.845217112277,7543.745850746912,74.2413,7543.745850746572
