,GeneratorProfitDual,TotalCostDispatch,RTGeneratorProfitDual,gap,SSProfit
ObjectiveValue,3286.1172267446186,50318.85692368319,3286.1172267446186,0.0,3286.1172267421816
