,GeneratorProfitDual,TotalCostDispatch,RTGeneratorProfitDual,gap,SSProfit
ObjectiveValue,3927.1233989136717,108104.73912970278,3927.1233989136717,1.80314,3927.1233989129523
