,GeneratorProfitDual,TotalCostDispatch,RTGeneratorProfitDual,gap,SSProfit
ObjectiveValue,80464.38791030331,273922.09970116685,80464.38791030331,0.0,80464.38791029861
