,GeneratorProfitDual,TotalCostDispatch,RTGeneratorProfitDual,gap,SSProfit
ObjectiveValue,73213.68062671347,210926.19015769774,73213.68062671347,25019.6,73213.68062671112
