,GeneratorProfitDual,TotalCostDispatch,RTGeneratorProfitDual,gap,SSProfit
ObjectiveValue,41085.46787409573,241970.8549871538,41085.46787409573,0.0,41300.99682586413
