,GeneratorProfitDual,TotalCostDispatch,RTGeneratorProfitDual,gap,SSProfit
ObjectiveValue,62678.59555165325,263404.6132797208,62678.59555165325,0.0,62678.59555164887
