,GeneratorProfitDual,TotalCostDispatch,RTGeneratorProfitDual,gap,SSProfit
ObjectiveValue,21542.363728097735,112763.6000293941,21542.363728097735,0.0,21670.475914423525
