,GeneratorProfitDual,TotalCostDispatch,RTGeneratorProfitDual,gap,SSProfit
ObjectiveValue,73.89207711185395,37528.51431920118,73.89207711185395,0.0,73.89207711117997
