,GeneratorProfitDual,TotalCostDispatch,RTGeneratorProfitDual,gap,SSProfit
ObjectiveValue,3980.7076410030795,207744.61800193385,3980.7076410030795,0.0,3980.7076410000254
