,GeneratorProfitDual,TotalCostDispatch,RTGeneratorProfitDual,gap,SSProfit
ObjectiveValue,49463.407865635505,276693.6348513334,49463.407865635505,695.983,49463.40786563504
