,GeneratorProfitDual,TotalCostDispatch,RTGeneratorProfitDual,gap,SSProfit
ObjectiveValue,3318.822115448925,55058.97888043144,3318.822115448925,11.4861,3318.822115446976
