,GeneratorProfitDual,TotalCostDispatch,RTGeneratorProfitDual,gap,SSProfit
ObjectiveValue,29751.200918274542,119309.70236898132,29751.200918274542,0.0,29751.200918273633
