,GeneratorProfitDual,TotalCostDispatch,RTGeneratorProfitDual,gap,SSProfit
ObjectiveValue,9291.960107849309,710949.1752714526,9291.960107849309,92.349,9687.574857917174
