,GeneratorProfitDual,TotalCostDispatch,RTGeneratorProfitDual,gap,SSProfit
ObjectiveValue,76489.59338391022,273922.8693707302,76489.59338391022,32791.8,76489.59338390901
