,GeneratorProfitDual,TotalCostDispatch,RTGeneratorProfitDual,gap,SSProfit
ObjectiveValue,1868.385293598598,14637.666509242441,1868.385293598598,136.286,1868.385293597361
