,GeneratorProfitDual,TotalCostDispatch,RTGeneratorProfitDual,gap,SSProfit
ObjectiveValue,7543.745850750693,72607.8697119047,7543.745850750693,0.0,7543.7458507465735
