,GeneratorProfitDual,TotalCostDispatch,RTGeneratorProfitDual,gap,SSProfit
ObjectiveValue,23470.977676019476,129560.250405407,23470.96302201709,0.0,23470.977676018865
