,GeneratorProfitDual,TotalCostDispatch,RTGeneratorProfitDual,gap,SSProfit
ObjectiveValue,3964.381317006373,274949.0279179786,3964.381317006373,1.06813,3964.381317000026
