,GeneratorProfitDual,TotalCostDispatch,RTGeneratorProfitDual,gap,SSProfit
ObjectiveValue,3698.6449060293608,104114.21377369246,3698.6449060293608,0.0,3698.644906027398
