,GeneratorProfitDual,TotalCostDispatch,RTGeneratorProfitDual,gap,SSProfit
ObjectiveValue,1944.091709430566,18507.538104762498,1944.091709430566,2.14954,1944.0917094302374
