,GeneratorProfitDual,TotalCostDispatch,RTGeneratorProfitDual,gap,SSProfit
ObjectiveValue,2887.6131181584883,47648.565623424656,2887.6131181584883,0.0,2887.613118157657
