,GeneratorProfitDual,TotalCostDispatch,RTGeneratorProfitDual,gap,SSProfit
ObjectiveValue,8837.852531626258,16265.829440746555,8837.852531626258,33.8941,8837.852531625205
