,GeneratorProfitDual,TotalCostDispatch,RTGeneratorProfitDual,gap,SSProfit
ObjectiveValue,5728.252689794584,102717.39176184426,5728.252689794584,0.0,5728.252689793699
