,GeneratorProfitDual,TotalCostDispatch,RTGeneratorProfitDual,gap,SSProfit
ObjectiveValue,37927.69495510154,299504.92963971826,37927.69495510154,37424.3,37983.03239107326
