,GeneratorProfitDual,TotalCostDispatch,RTGeneratorProfitDual,gap,SSProfit
ObjectiveValue,3610.7200033177733,133851.0575471285,3610.7200033177733,31.9771,3610.720003317079
