,GeneratorProfitDual,TotalCostDispatch,RTGeneratorProfitDual,gap,SSProfit
ObjectiveValue,10358.196886907115,79629.78218454974,10358.196886907115,0.0,10358.196886906719
