,GeneratorProfitDual,TotalCostDispatch,RTGeneratorProfitDual,gap,SSProfit
ObjectiveValue,1328.2611930529029,66684.01767125644,1328.2611930529029,9.22901,1328.2611930516866
