,GeneratorProfitDual,TotalCostDispatch,RTGeneratorProfitDual,gap,SSProfit
ObjectiveValue,17925.205193402096,112763.60002939413,17925.205193402096,0.0,18053.317379727858
