,GeneratorProfitDual,TotalCostDispatch,RTGeneratorProfitDual,gap,SSProfit
ObjectiveValue,5619.9756227218295,20253.572636098736,5619.9756227218295,0.0,5619.97562272053
