,GeneratorProfitDual,TotalCostDispatch,RTGeneratorProfitDual,gap,SSProfit
ObjectiveValue,3846.181959229974,226559.98073070505,3846.181959229974,12.8765,3910.9320419999967
