,GeneratorProfitDual,TotalCostDispatch,RTGeneratorProfitDual,gap,SSProfit
ObjectiveValue,20468.370009643346,32465.20545059687,20468.370009643346,356.98,21085.84616314543
