,GeneratorProfitDual,TotalCostDispatch,RTGeneratorProfitDual,gap,SSProfit
ObjectiveValue,24585.223867262175,21763.01573153995,24585.223867262175,265.215,24585.22386726206
