,GeneratorProfitDual,TotalCostDispatch,RTGeneratorProfitDual,gap,SSProfit
ObjectiveValue,34098.352209684,244461.4715926516,34098.352209684,7860.76,34153.68964565652
