,GeneratorProfitDual,TotalCostDispatch,RTGeneratorProfitDual,gap,SSProfit
ObjectiveValue,44870.74278313262,498282.1617377503,44870.74278313262,6606.4,44870.74278312732
