,GeneratorProfitDual,TotalCostDispatch,RTGeneratorProfitDual,gap,SSProfit
ObjectiveValue,3177.6861813275664,61567.67723109864,3177.6861813275664,0.0,3177.6861813270475
