,GeneratorProfitDual,TotalCostDispatch,RTGeneratorProfitDual,gap,SSProfit
ObjectiveValue,24238.117671753866,51338.521983030616,24238.117671753866,332.122,24238.117671753193
