,GeneratorProfitDual,TotalCostDispatch,RTGeneratorProfitDual,gap,SSProfit
ObjectiveValue,3181.868370206468,53458.32563018276,3181.868370206468,7.50887,3181.8683702057606
