,GeneratorProfitDual,TotalCostDispatch,RTGeneratorProfitDual,gap,SSProfit
ObjectiveValue,136679.9161264189,75968.57036319532,136679.9161264189,1373.9,145038.19848606075
