,GeneratorProfitDual,TotalCostDispatch,RTGeneratorProfitDual,gap,SSProfit
ObjectiveValue,49267.1394927369,428914.7367528229,49267.1394927369,565.819,50317.187620546734
