,GeneratorProfitDual,TotalCostDispatch,RTGeneratorProfitDual,gap,SSProfit
ObjectiveValue,74351.07958814949,495127.20288211637,74351.07958814949,2923.27,74351.07958814554
