,GeneratorProfitDual,TotalCostDispatch,RTGeneratorProfitDual,gap,SSProfit
ObjectiveValue,13246.489929377372,63743.60373701561,13246.475275375045,50841.9,13246.489929376576
