,GeneratorProfitDual,TotalCostDispatch,RTGeneratorProfitDual,gap,SSProfit
ObjectiveValue,1842.4112725003988,23668.323492453568,1842.4112725003988,14.9236,1842.4112724999995
