,GeneratorProfitDual,TotalCostDispatch,RTGeneratorProfitDual,gap,SSProfit
ObjectiveValue,51234.857963786206,43954.22848743956,51234.857963786206,0.0,51234.85796378155
