,GeneratorProfitDual,TotalCostDispatch,RTGeneratorProfitDual,gap,SSProfit
ObjectiveValue,1868.3852935979232,6741.634299619573,1868.3852935979232,105.439,1868.3852935973496
