,GeneratorProfitDual,TotalCostDispatch,RTGeneratorProfitDual,gap,SSProfit
ObjectiveValue,3965.1678260599824,273922.09970117005,3965.1678260599824,1.53893,3965.167826057678
