,GeneratorProfitDual,TotalCostDispatch,RTGeneratorProfitDual,gap,SSProfit
ObjectiveValue,1568.3593263735565,234136.6093161538,1568.3593263735565,12.0774,1714.1968987817759
