,GeneratorProfitDual,TotalCostDispatch,RTGeneratorProfitDual,gap,SSProfit
ObjectiveValue,12521.977612180775,496476.5143342314,12521.977612180775,125.634,12868.337269326035
