,GeneratorProfitDual,TotalCostDispatch,RTGeneratorProfitDual,gap,SSProfit
ObjectiveValue,2466.1731999562508,120382.04678286097,2466.1731999562508,7.41794,2466.173200026172
