,GeneratorProfitDual,TotalCostDispatch,RTGeneratorProfitDual,gap,SSProfit
ObjectiveValue,61226.427369742414,258955.586057982,61226.427369742414,0.0,61490.0797509114
