,GeneratorProfitDual,TotalCostDispatch,RTGeneratorProfitDual,gap,SSProfit
ObjectiveValue,48851.10619586479,498329.59914618876,48851.10619586479,4301.42,48851.106195861095
