,GeneratorProfitDual,TotalCostDispatch,RTGeneratorProfitDual,gap,SSProfit
ObjectiveValue,3147.571401161717,55325.93969610935,3147.571401161717,3.40996,3147.5714011608907
