,GeneratorProfitDual,TotalCostDispatch,RTGeneratorProfitDual,gap,SSProfit
ObjectiveValue,36768.60322257007,136132.2249527985,36768.60322257007,6952.43,36768.60322256945
