,GeneratorProfitDual,TotalCostDispatch,RTGeneratorProfitDual,gap,SSProfit
ObjectiveValue,3128.7697047903835,30069.81174603193,3128.7697047903835,0.0,3128.7697047899073
