,GeneratorProfitDual,TotalCostDispatch,RTGeneratorProfitDual,gap,SSProfit
ObjectiveValue,250.48141132606906,327929.3167958752,250.48141132606906,2.62621,407.37327106569376
