,GeneratorProfitDual,TotalCostDispatch,RTGeneratorProfitDual,gap,SSProfit
ObjectiveValue,2565.6985511804073,44185.01222257667,2565.6985511804073,0.0,2565.698551178585
