,GeneratorProfitDual,TotalCostDispatch,RTGeneratorProfitDual,gap,SSProfit
ObjectiveValue,84151.4310757945,32563.39326729201,84151.4310757945,847.462,84399.7962734461
