,GeneratorProfitDual,TotalCostDispatch,RTGeneratorProfitDual,gap,SSProfit
ObjectiveValue,32119.903775927574,80279.5730501511,32119.903775927574,29194.2,32119.903775927123
