,GeneratorProfitDual,TotalCostDispatch,RTGeneratorProfitDual,gap,SSProfit
ObjectiveValue,27590.235813740917,59848.47231210579,27590.235813740917,10841.8,27590.235813740223
