,GeneratorProfitDual,TotalCostDispatch,RTGeneratorProfitDual,gap,SSProfit
ObjectiveValue,25480.176951955706,252509.00612757943,25480.150522746895,203.528,25480.176951951722
