,GeneratorProfitDual,TotalCostDispatch,RTGeneratorProfitDual,gap,SSProfit
ObjectiveValue,3964.3813170013855,167699.07853337575,3964.3813170013855,0.0,3964.381316999991
