,GeneratorProfitDual,TotalCostDispatch,RTGeneratorProfitDual,gap,SSProfit
ObjectiveValue,786.578967000948,16265.829440746547,786.578967000948,0.0,786.5789670000146
