,GeneratorProfitDual,TotalCostDispatch,RTGeneratorProfitDual,gap,SSProfit
ObjectiveValue,39522.22224758072,311930.81898480345,39522.22224758072,0.0,39522.22224757963
