,GeneratorProfitDual,TotalCostDispatch,RTGeneratorProfitDual,gap,SSProfit
ObjectiveValue,41339.856792101295,276681.66797708743,41339.856792101295,582.186,41319.170969560335
