,GeneratorProfitDual,TotalCostDispatch,RTGeneratorProfitDual,gap,SSProfit
ObjectiveValue,17601.12391580231,80859.42074281517,17601.12391580231,1104.07,17630.439954264217
