,GeneratorProfitDual,TotalCostDispatch,RTGeneratorProfitDual,gap,SSProfit
ObjectiveValue,68445.63679117187,490853.8684204131,68445.63679117187,685.561,68445.63679116817
