,GeneratorProfitDual,TotalCostDispatch,RTGeneratorProfitDual,gap,SSProfit
ObjectiveValue,-397.73195303759246,74628.47896175823,-397.73195303759246,0.0,439.61862475591585
