,GeneratorProfitDual,TotalCostDispatch,RTGeneratorProfitDual,gap,SSProfit
ObjectiveValue,7652.144785453344,20253.572636098797,7652.144785453344,0.0,7652.144785452098
