,GeneratorProfitDual,TotalCostDispatch,RTGeneratorProfitDual,gap,SSProfit
ObjectiveValue,23869.303090031222,645453.1554018985,23869.303090031222,190.888,24029.2712421712
