,GeneratorProfitDual,TotalCostDispatch,RTGeneratorProfitDual,gap,SSProfit
ObjectiveValue,3717.5986820828534,87393.75691058068,3717.5986820828534,7.5498,3717.5986820814005
