,GeneratorProfitDual,TotalCostDispatch,RTGeneratorProfitDual,gap,SSProfit
ObjectiveValue,58928.54215947296,122400.29470830612,58928.54215947296,771.232,59464.096383478
