,GeneratorProfitDual,TotalCostDispatch,RTGeneratorProfitDual,gap,SSProfit
ObjectiveValue,28422.19678888231,140010.35872884752,28422.19678888231,202.988,28422.196788879708
