,GeneratorProfitDual,TotalCostDispatch,RTGeneratorProfitDual,gap,SSProfit
ObjectiveValue,9351.616524072588,39386.40747360272,9351.616524072588,63075.8,9351.616524072058
