,GeneratorProfitDual,TotalCostDispatch,RTGeneratorProfitDual,gap,SSProfit
ObjectiveValue,3409.8693840020856,153787.8815495669,3409.8693840020856,0.0,3409.8693840000037
