,GeneratorProfitDual,TotalCostDispatch,RTGeneratorProfitDual,gap,SSProfit
ObjectiveValue,211.7361810296568,560294.5955155789,211.7361810296568,0.0134586,211.73618102232956
