,GeneratorProfitDual,TotalCostDispatch,RTGeneratorProfitDual,gap,SSProfit
ObjectiveValue,2474.1301157182506,113639.69720492,2474.1301157182506,8.0039,2474.13011571739
