,GeneratorProfitDual,TotalCostDispatch,RTGeneratorProfitDual,gap,SSProfit
ObjectiveValue,37995.544912372716,216991.70562313133,37995.544912372716,377.661,38049.76439479713
