,GeneratorProfitDual,TotalCostDispatch,RTGeneratorProfitDual,gap,SSProfit
ObjectiveValue,50314.952194973994,55073.57191290698,50314.952194973994,55864.2,50314.95219497363
