,GeneratorProfitDual,TotalCostDispatch,RTGeneratorProfitDual,gap,SSProfit
ObjectiveValue,39117.59452589011,282748.9375253802,39117.57179342761,388.441,39117.59452588685
