,GeneratorProfitDual,TotalCostDispatch,RTGeneratorProfitDual,gap,SSProfit
ObjectiveValue,3362.4718014550203,81499.93695391959,3362.4718014550203,5.39535,3367.98418678486
