,GeneratorProfitDual,TotalCostDispatch,RTGeneratorProfitDual,gap,SSProfit
ObjectiveValue,37649.07098856278,244463.01093177157,37649.07098856278,14645.5,37705.94776365499
