,GeneratorProfitDual,TotalCostDispatch,RTGeneratorProfitDual,gap,SSProfit
ObjectiveValue,17973.478669077584,76864.56510000257,17973.478669077584,0.0,18062.845626243536
