,GeneratorProfitDual,TotalCostDispatch,RTGeneratorProfitDual,gap,SSProfit
ObjectiveValue,13686.686889143346,631404.3897027589,13686.686889143346,673.829,13686.686889140858
