,GeneratorProfitDual,TotalCostDispatch,RTGeneratorProfitDual,gap,SSProfit
ObjectiveValue,2522.7495490576875,24820.27147112865,2522.7495490576875,0.0,2523.1098300170015
