,GeneratorProfitDual,TotalCostDispatch,RTGeneratorProfitDual,gap,SSProfit
ObjectiveValue,1868.3852935980283,1029.1671831261485,1868.3852935980283,0.0,1868.3852935973496
