,GeneratorProfitDual,TotalCostDispatch,RTGeneratorProfitDual,gap,SSProfit
ObjectiveValue,33235.323595559246,58397.36073387829,33235.323595559246,10072.6,33235.32359555852
