,GeneratorProfitDual,TotalCostDispatch,RTGeneratorProfitDual,gap,SSProfit
ObjectiveValue,65252.844522387524,67428.0223364308,65252.844522387524,34515.3,65252.84452238615
