,GeneratorProfitDual,TotalCostDispatch,RTGeneratorProfitDual,gap,SSProfit
ObjectiveValue,48844.506527868376,175033.2874092305,48844.506527868376,250.95,48997.14965905222
