,GeneratorProfitDual,TotalCostDispatch,RTGeneratorProfitDual,gap,SSProfit
ObjectiveValue,49421.974818054296,276679.1848903708,49421.974818054296,623.107,49421.97481805091
