,GeneratorProfitDual,TotalCostDispatch,RTGeneratorProfitDual,gap,SSProfit
ObjectiveValue,51432.228608228856,182832.36056425833,51432.228608228856,11180.8,51432.228608224206
