,GeneratorProfitDual,TotalCostDispatch,RTGeneratorProfitDual,gap,SSProfit
ObjectiveValue,3818.7595404381855,41616.68863158712,3818.7595404381855,35.6661,3818.7595404378944
