,GeneratorProfitDual,TotalCostDispatch,RTGeneratorProfitDual,gap,SSProfit
ObjectiveValue,25604.104950518715,43609.74505290382,25604.104950518715,17331.9,25604.104950517944
