,GeneratorProfitDual,TotalCostDispatch,RTGeneratorProfitDual,gap,SSProfit
ObjectiveValue,57501.50703445596,266920.8796693223,57501.50703445596,264.762,57773.689974892295
