,GeneratorProfitDual,TotalCostDispatch,RTGeneratorProfitDual,gap,SSProfit
ObjectiveValue,76355.65083247564,375026.6606213011,76355.65083247564,955.4,77025.08053285925
