,GeneratorProfitDual,TotalCostDispatch,RTGeneratorProfitDual,gap,SSProfit
ObjectiveValue,58928.54215947252,122400.29470830612,58928.54215947252,579.363,59464.09638347799
