,GeneratorProfitDual,TotalCostDispatch,RTGeneratorProfitDual,gap,SSProfit
ObjectiveValue,3835.2227160040457,498282.16173775203,3835.2227160040457,6.89625,3835.2227160000502
