,GeneratorProfitDual,TotalCostDispatch,RTGeneratorProfitDual,gap,SSProfit
ObjectiveValue,39049.3057223402,71017.2290760115,39049.3057223402,671.005,39575.608404388106
