,GeneratorProfitDual,TotalCostDispatch,RTGeneratorProfitDual,gap,SSProfit
ObjectiveValue,3964.3813170051535,276939.4740342377,3964.3813170051535,0.0,3964.3813170000203
