,GeneratorProfitDual,TotalCostDispatch,RTGeneratorProfitDual,gap,SSProfit
ObjectiveValue,53537.1257174558,266920.87966932234,53537.1257174558,510.051,53835.35303189234
