,GeneratorProfitDual,TotalCostDispatch,RTGeneratorProfitDual,gap,SSProfit
ObjectiveValue,10303.926475578559,48857.13391662084,10303.926475578559,94245.4,10303.926475578237
