,GeneratorProfitDual,TotalCostDispatch,RTGeneratorProfitDual,gap,SSProfit
ObjectiveValue,28876.0545337211,19123.341719813365,28876.0545337211,328.092,28876.05453372001
