,GeneratorProfitDual,TotalCostDispatch,RTGeneratorProfitDual,gap,SSProfit
ObjectiveValue,66312.46770395803,200528.67003418322,66312.46770395803,16007.0,66312.46770395373
