,GeneratorProfitDual,TotalCostDispatch,RTGeneratorProfitDual,gap,SSProfit
ObjectiveValue,8375.619292536368,46570.65662079342,8375.619292536368,24521.6,8375.619292533116
