,GeneratorProfitDual,TotalCostDispatch,RTGeneratorProfitDual,gap,SSProfit
ObjectiveValue,3035.945002336667,149703.69867492447,3035.945002336667,27.4933,3090.9226488067416
