,GeneratorProfitDual,TotalCostDispatch,RTGeneratorProfitDual,gap,SSProfit
ObjectiveValue,28866.887355327806,120382.04678286095,28866.887355327806,31708.3,28866.88735532676
