,GeneratorProfitDual,TotalCostDispatch,RTGeneratorProfitDual,gap,SSProfit
ObjectiveValue,-82.14615159655943,491216.7113296847,-82.14615159655943,0.0,156.52963034280282
