,GeneratorProfitDual,TotalCostDispatch,RTGeneratorProfitDual,gap,SSProfit
ObjectiveValue,-79.54786823375173,491214.11304632196,-79.54786823375173,0.219986,156.5296303428023
