,GeneratorProfitDual,TotalCostDispatch,RTGeneratorProfitDual,gap,SSProfit
ObjectiveValue,62678.59555165354,263404.61327972054,62678.59555165354,626.166,62678.59555164882
