,GeneratorProfitDual,TotalCostDispatch,RTGeneratorProfitDual,gap,SSProfit
ObjectiveValue,3392.0142828487615,157333.3799439442,3392.0142828487615,5.40748,3392.014282847825
