,GeneratorProfitDual,TotalCostDispatch,RTGeneratorProfitDual,gap,SSProfit
ObjectiveValue,59457.11150631256,302679.6918491895,59457.11150631256,592.987,59457.11150631027
