,GeneratorProfitDual,TotalCostDispatch,RTGeneratorProfitDual,gap,SSProfit
ObjectiveValue,75746.4267867305,377954.15523032454,75746.4267867305,2761.38,75796.26744812934
