,GeneratorProfitDual,TotalCostDispatch,RTGeneratorProfitDual,gap,SSProfit
ObjectiveValue,2342.6722358340558,76864.56510000258,2342.6722358340558,23.0695,2432.0391929999996
