,GeneratorProfitDual,TotalCostDispatch,RTGeneratorProfitDual,gap,SSProfit
ObjectiveValue,28268.835745591343,64171.474538501636,28268.835745591343,433.595,28634.03479871639
