,GeneratorProfitDual,TotalCostDispatch,RTGeneratorProfitDual,gap,SSProfit
ObjectiveValue,54400.91582369523,177558.77303784358,54400.91582369523,625.71,54400.91582369427
