,GeneratorProfitDual,TotalCostDispatch,RTGeneratorProfitDual,gap,SSProfit
ObjectiveValue,22226.41752161432,28327.819774880765,22226.41752161432,14251.7,22226.417521612726
