,GeneratorProfitDual,TotalCostDispatch,RTGeneratorProfitDual,gap,SSProfit
ObjectiveValue,17332.429063475545,64679.33426736881,17332.429063475545,0.0,17436.824472965214
