,GeneratorProfitDual,TotalCostDispatch,RTGeneratorProfitDual,gap,SSProfit
ObjectiveValue,26089.015313622313,80279.57305015081,26089.015313622313,52681.3,26089.01531362129
