,GeneratorProfitDual,TotalCostDispatch,RTGeneratorProfitDual,gap,SSProfit
ObjectiveValue,34150.06554096896,231298.58307507526,34150.06554096896,0.0,34395.78040403657
