,GeneratorProfitDual,TotalCostDispatch,RTGeneratorProfitDual,gap,SSProfit
ObjectiveValue,7066.526751839763,200930.34593250506,7066.526751839763,0.0,7066.5267518380015
