,GeneratorProfitDual,TotalCostDispatch,RTGeneratorProfitDual,gap,SSProfit
ObjectiveValue,44412.10977558599,30745.830446669628,44412.10977558599,701.278,44412.10977558553
