,GeneratorProfitDual,TotalCostDispatch,RTGeneratorProfitDual,gap,SSProfit
ObjectiveValue,66106.65482531152,207744.61800193458,66106.65482531152,557.124,66106.65482531015
