,GeneratorProfitDual,TotalCostDispatch,RTGeneratorProfitDual,gap,SSProfit
ObjectiveValue,4144.116903783129,594321.6731465245,4144.116903783129,40.2815,4336.328270987499
