,GeneratorProfitDual,TotalCostDispatch,RTGeneratorProfitDual,gap,SSProfit
ObjectiveValue,43326.3830710307,267216.9134172233,43326.3830710307,371.331,43455.70139897805
