,GeneratorProfitDual,TotalCostDispatch,RTGeneratorProfitDual,gap,SSProfit
ObjectiveValue,78170.7680408256,101352.0705337332,78170.76366338388,0.0,78170.76804082523
