,GeneratorProfitDual,TotalCostDispatch,RTGeneratorProfitDual,gap,SSProfit
ObjectiveValue,39278.47989327645,66541.67212556058,39278.47989327645,691.037,39278.47989327576
