,GeneratorProfitDual,TotalCostDispatch,RTGeneratorProfitDual,gap,SSProfit
ObjectiveValue,1548.137608769253,127082.6964212041,1548.137608769253,12.2001,1548.1376087692295
