,GeneratorProfitDual,TotalCostDispatch,RTGeneratorProfitDual,gap,SSProfit
ObjectiveValue,100156.8287926029,166752.50767190987,100156.8287926029,54227.8,100156.82879259335
