,GeneratorProfitDual,TotalCostDispatch,RTGeneratorProfitDual,gap,SSProfit
ObjectiveValue,2533.8429138556303,19917.48861501683,2533.8429138556303,10.8122,2533.842913855374
