,GeneratorProfitDual,TotalCostDispatch,RTGeneratorProfitDual,gap,SSProfit
ObjectiveValue,4026.7711980017652,351108.87427554146,4026.7711980017652,0.0,4026.771198000027
