,GeneratorProfitDual,TotalCostDispatch,RTGeneratorProfitDual,gap,SSProfit
ObjectiveValue,9190.328413411837,18971.581678146646,9190.328413411837,142.035,9190.328413411484
