,GeneratorProfitDual,TotalCostDispatch,RTGeneratorProfitDual,gap,SSProfit
ObjectiveValue,3964.6647735998927,184317.5304392855,3964.6647735998927,0.0,3963.0207900000005
