,GeneratorProfitDual,TotalCostDispatch,RTGeneratorProfitDual,gap,SSProfit
ObjectiveValue,2596.1583267564447,19123.341719813383,2596.1583267564447,0.0,2596.158326755703
