,GeneratorProfitDual,TotalCostDispatch,RTGeneratorProfitDual,gap,SSProfit
ObjectiveValue,1782.0649910353113,29791.25328524603,1782.0649910353113,17.2944,1782.0649910348202
