,GeneratorProfitDual,TotalCostDispatch,RTGeneratorProfitDual,gap,SSProfit
ObjectiveValue,92153.30577513257,133851.05754712774,92153.30577513257,48169.0,92153.30577513187
