,GeneratorProfitDual,TotalCostDispatch,RTGeneratorProfitDual,gap,SSProfit
ObjectiveValue,2087.7093908659463,357099.0294076521,2087.7093908659463,14.1067,2087.709390862892
