,GeneratorProfitDual,TotalCostDispatch,RTGeneratorProfitDual,gap,SSProfit
ObjectiveValue,3675.931528238664,376775.90598230594,3675.931528238664,36.3667,3988.676441999999
