,GeneratorProfitDual,TotalCostDispatch,RTGeneratorProfitDual,gap,SSProfit
ObjectiveValue,31598.538602181543,37820.000284352805,31598.538602181543,11162.6,31598.53860217838
