,GeneratorProfitDual,TotalCostDispatch,RTGeneratorProfitDual,gap,SSProfit
ObjectiveValue,2217.041922389354,12091.638982771028,2217.041922389354,81.1612,2217.0419223879617
