,GeneratorProfitDual,TotalCostDispatch,RTGeneratorProfitDual,gap,SSProfit
ObjectiveValue,33185.811922441826,56103.634050559456,33185.811922441826,68327.0,33185.81192244123
