,GeneratorProfitDual,TotalCostDispatch,RTGeneratorProfitDual,gap,SSProfit
ObjectiveValue,81376.16790332859,376456.2739107894,81376.16790332859,875.03,81376.16790334377
