,GeneratorProfitDual,TotalCostDispatch,RTGeneratorProfitDual,gap,SSProfit
ObjectiveValue,110260.20270397622,188885.4118506555,110260.20270397622,0.0,110260.20270397351
