,GeneratorProfitDual,TotalCostDispatch,RTGeneratorProfitDual,gap,SSProfit
ObjectiveValue,29504.54724281864,252510.54546669938,29504.54724281864,289.95,29504.54724281485
