,GeneratorProfitDual,TotalCostDispatch,RTGeneratorProfitDual,gap,SSProfit
ObjectiveValue,4270.499892003658,529867.575538256,4270.499892003658,19.5897,4270.49989200002
