,GeneratorProfitDual,TotalCostDispatch,RTGeneratorProfitDual,gap,SSProfit
ObjectiveValue,1868.38529359881,20554.140268117877,1868.38529359881,5.42357,1868.3852935973493
