,GeneratorProfitDual,TotalCostDispatch,RTGeneratorProfitDual,gap,SSProfit
ObjectiveValue,17192.122470606177,551000.5600324916,17192.103962865716,171.95,17192.122470602255
