,GeneratorProfitDual,TotalCostDispatch,RTGeneratorProfitDual,gap,SSProfit
ObjectiveValue,50447.685741783425,30750.80389498379,50447.685741783425,757.258,50447.685741782785
