,GeneratorProfitDual,TotalCostDispatch,RTGeneratorProfitDual,gap,SSProfit
ObjectiveValue,82030.08526678497,101347.0641338924,82030.08526678497,47380.0,82030.08526678427
