,GeneratorProfitDual,TotalCostDispatch,RTGeneratorProfitDual,gap,SSProfit
ObjectiveValue,114324.9974009772,582267.9118675705,114324.9974009772,1157.05,114324.99740096761
