,GeneratorProfitDual,TotalCostDispatch,RTGeneratorProfitDual,gap,SSProfit
ObjectiveValue,42577.916870227564,491216.71132968477,42577.916870227564,424.046,42816.59265216865
