,GeneratorProfitDual,TotalCostDispatch,RTGeneratorProfitDual,gap,SSProfit
ObjectiveValue,1868.3852935978312,4763.1974171379925,1868.3852935978312,0.0,1868.3852935973493
