,GeneratorProfitDual,TotalCostDispatch,RTGeneratorProfitDual,gap,SSProfit
ObjectiveValue,9845.168351978522,9910.84521711223,9845.168351978522,136.133,9845.168351978167
