,GeneratorProfitDual,TotalCostDispatch,RTGeneratorProfitDual,gap,SSProfit
ObjectiveValue,44162.544192573514,529876.7057620793,44162.544192573514,372.265,44162.54419257009
