,GeneratorProfitDual,TotalCostDispatch,RTGeneratorProfitDual,gap,SSProfit
ObjectiveValue,3695.070125070186,241970.68171348172,3695.070125070186,31.95,3928.6739134162444
