,GeneratorProfitDual,TotalCostDispatch,RTGeneratorProfitDual,gap,SSProfit
ObjectiveValue,89783.1259983947,27975.788745225575,89783.1259983947,876.755,90951.70783169426
