,GeneratorProfitDual,TotalCostDispatch,RTGeneratorProfitDual,gap,SSProfit
ObjectiveValue,32227.33010134963,274082.29937332135,32227.33010134963,239.81,32449.470930626354
