,GeneratorProfitDual,TotalCostDispatch,RTGeneratorProfitDual,gap,SSProfit
ObjectiveValue,31658.46759489872,47648.56562342259,31658.46759489872,10781.5,31658.467594895727
