,GeneratorProfitDual,TotalCostDispatch,RTGeneratorProfitDual,gap,SSProfit
ObjectiveValue,81483.26104871585,95286.52573708513,81483.26104871585,818.758,82282.40555152943
