,GeneratorProfitDual,TotalCostDispatch,RTGeneratorProfitDual,gap,SSProfit
ObjectiveValue,47830.30892621791,425021.99724507076,47830.30892621791,340.42,47831.83847699039
