,GeneratorProfitDual,TotalCostDispatch,RTGeneratorProfitDual,gap,SSProfit
ObjectiveValue,3482.6137045458427,60786.526051559136,3482.6137045458427,5.41964,3482.6137045435025
