,GeneratorProfitDual,TotalCostDispatch,RTGeneratorProfitDual,gap,SSProfit
ObjectiveValue,3904.9114031402846,250470.11601500234,3904.9114031402846,0.0,3954.30067612327
