,GeneratorProfitDual,TotalCostDispatch,RTGeneratorProfitDual,gap,SSProfit
ObjectiveValue,44819.60676313409,175489.5248529644,44819.60676313409,0.0,45405.24606128277
