,GeneratorProfitDual,TotalCostDispatch,RTGeneratorProfitDual,gap,SSProfit
ObjectiveValue,24975.61559607952,311335.5677292704,24975.61559607952,236.243,24975.615596075266
