,GeneratorProfitDual,TotalCostDispatch,RTGeneratorProfitDual,gap,SSProfit
ObjectiveValue,58700.373123942634,280497.91170331446,58700.373123942634,0.0,58917.5576858408
