,GeneratorProfitDual,TotalCostDispatch,RTGeneratorProfitDual,gap,SSProfit
ObjectiveValue,3473.659892134746,454893.50472164946,3473.659892134746,16.2255,3610.347039000003
