,GeneratorProfitDual,TotalCostDispatch,RTGeneratorProfitDual,gap,SSProfit
ObjectiveValue,3906.160868173862,338729.5954946356,3906.160868173862,6.95423,3964.3813169999908
