,GeneratorProfitDual,TotalCostDispatch,RTGeneratorProfitDual,gap,SSProfit
ObjectiveValue,3964.3813170037383,136464.02252766167,3964.3813170037383,0.0,3964.381317000033
