,GeneratorProfitDual,TotalCostDispatch,RTGeneratorProfitDual,gap,SSProfit
ObjectiveValue,16000.29053757051,13537.669681949063,16000.29053757051,311.985,16000.290537568188
