,GeneratorProfitDual,TotalCostDispatch,RTGeneratorProfitDual,gap,SSProfit
ObjectiveValue,2309.7974960830115,58596.0207549899,2309.7974960830115,0.0,2432.0391929999987
