,GeneratorProfitDual,TotalCostDispatch,RTGeneratorProfitDual,gap,SSProfit
ObjectiveValue,55505.27907574999,327916.13039822335,55505.27907574999,567.199,55659.963069201134
