,GeneratorProfitDual,TotalCostDispatch,RTGeneratorProfitDual,gap,SSProfit
ObjectiveValue,54753.33948163432,364976.0147861946,54753.33948163432,570.183,54753.33948163036
