,GeneratorProfitDual,TotalCostDispatch,RTGeneratorProfitDual,gap,SSProfit
ObjectiveValue,47467.84729122863,182832.36056425836,47467.84729122863,12335.2,47467.847291224214
