,GeneratorProfitDual,TotalCostDispatch,RTGeneratorProfitDual,gap,SSProfit
ObjectiveValue,43281.77834071132,86921.53253399316,43281.77834071132,44232.7,43342.0322278004
