,GeneratorProfitDual,TotalCostDispatch,RTGeneratorProfitDual,gap,SSProfit
ObjectiveValue,3290.5769615231316,54266.89597378132,3290.5769615231316,0.0,3290.5769615229165
