,GeneratorProfitDual,TotalCostDispatch,RTGeneratorProfitDual,gap,SSProfit
ObjectiveValue,3193.4919177569677,35080.94348243243,3193.4919177569677,4213.78,3193.491917756372
