,GeneratorProfitDual,TotalCostDispatch,RTGeneratorProfitDual,gap,SSProfit
ObjectiveValue,3002.132180423393,20020.491496232517,3002.132180423393,26.4097,3002.1321804217946
