,GeneratorProfitDual,TotalCostDispatch,RTGeneratorProfitDual,gap,SSProfit
ObjectiveValue,9771.748295835318,107968.7002557296,9771.748295835318,0.0,9771.748295834997
