,GeneratorProfitDual,TotalCostDispatch,RTGeneratorProfitDual,gap,SSProfit
ObjectiveValue,16126.876907859696,551000.5600324909,16126.876907859696,161.702,16126.876907855298
