,GeneratorProfitDual,TotalCostDispatch,RTGeneratorProfitDual,gap,SSProfit
ObjectiveValue,37970.64466364333,248150.57980758545,37970.64466364333,29.3225,38175.898371521755
