,GeneratorProfitDual,TotalCostDispatch,RTGeneratorProfitDual,gap,SSProfit
ObjectiveValue,98947.90367997816,233994.68778476818,98947.90367997816,980.884,100730.65587510893
