,GeneratorProfitDual,TotalCostDispatch,RTGeneratorProfitDual,gap,SSProfit
ObjectiveValue,45744.70299884354,92860.98029956686,45744.70299884354,599.679,45796.052677429245
