,GeneratorProfitDual,TotalCostDispatch,RTGeneratorProfitDual,gap,SSProfit
ObjectiveValue,46753.88801746845,177254.94853737915,46753.88801746845,566.172,46753.88801746695
