,GeneratorProfitDual,TotalCostDispatch,RTGeneratorProfitDual,gap,SSProfit
ObjectiveValue,13095.185813378092,65097.230510831025,13095.185813378092,4254.58,13230.486609465464
