,GeneratorProfitDual,TotalCostDispatch,RTGeneratorProfitDual,gap,SSProfit
ObjectiveValue,1055.8323055009355,22165.736006264902,1055.8323055009355,0.0,1055.83230550002
