,GeneratorProfitDual,TotalCostDispatch,RTGeneratorProfitDual,gap,SSProfit
ObjectiveValue,37480.51315997651,227374.82468954482,37480.51315997651,20621.3,37685.33791589293
