,GeneratorProfitDual,TotalCostDispatch,RTGeneratorProfitDual,gap,SSProfit
ObjectiveValue,39127.73628182819,305337.3687907623,39127.73628182819,449.692,39127.73628182491
