,GeneratorProfitDual,TotalCostDispatch,RTGeneratorProfitDual,gap,SSProfit
ObjectiveValue,25836.936967292186,112517.89284878044,25836.936967292186,0.0,25836.936967288686
