,GeneratorProfitDual,TotalCostDispatch,RTGeneratorProfitDual,gap,SSProfit
ObjectiveValue,5340.526681322171,17647.294373342364,5340.526681322171,0.0,5340.52668132085
