,GeneratorProfitDual,TotalCostDispatch,RTGeneratorProfitDual,gap,SSProfit
ObjectiveValue,33858.9177692767,66541.6721255606,33858.9177692767,20735.1,33858.91776927593
