,GeneratorProfitDual,TotalCostDispatch,RTGeneratorProfitDual,gap,SSProfit
ObjectiveValue,32283.758317767515,139958.8894103905,32283.758317767515,0.0,32283.758317766955
