,GeneratorProfitDual,TotalCostDispatch,RTGeneratorProfitDual,gap,SSProfit
ObjectiveValue,44707.90861440786,75854.0601563901,44707.90861440786,35125.7,44707.9086144069
