,GeneratorProfitDual,TotalCostDispatch,RTGeneratorProfitDual,gap,SSProfit
ObjectiveValue,319.4699514007649,31890.279711364852,319.4699514007649,0.0,319.46995140036006
