,GeneratorProfitDual,TotalCostDispatch,RTGeneratorProfitDual,gap,SSProfit
ObjectiveValue,67391.07311663996,276939.4740342377,67391.07311663996,23634.9,67391.0731166348
