,GeneratorProfitDual,TotalCostDispatch,RTGeneratorProfitDual,gap,SSProfit
ObjectiveValue,1308.5987085052814,82652.95695575651,1308.5987085052814,9.42916,1308.5987085010534
