,GeneratorProfitDual,TotalCostDispatch,RTGeneratorProfitDual,gap,SSProfit
ObjectiveValue,42759.06171835146,177239.9218216182,42759.06171835146,5385.65,42759.06171835107
