,GeneratorProfitDual,TotalCostDispatch,RTGeneratorProfitDual,gap,SSProfit
ObjectiveValue,14547.185743148513,134069.30779536135,14547.185743148513,3576.44,15319.82004887193
