,GeneratorProfitDual,TotalCostDispatch,RTGeneratorProfitDual,gap,SSProfit
ObjectiveValue,102623.73676539073,41079.72709287106,102623.73676539073,935.742,104088.74315298689
