,GeneratorProfitDual,TotalCostDispatch,RTGeneratorProfitDual,gap,SSProfit
ObjectiveValue,2309.7974960830343,58596.02075498985,2309.7974960830343,0.0,2432.039192999998
