,GeneratorProfitDual,TotalCostDispatch,RTGeneratorProfitDual,gap,SSProfit
ObjectiveValue,37988.389513578135,590219.4977415636,37988.389513578135,2998.55,38323.17154371821
