,GeneratorProfitDual,TotalCostDispatch,RTGeneratorProfitDual,gap,SSProfit
ObjectiveValue,3615.9854270816913,32414.90705063141,3615.9854270816913,29608.1,3615.9854270816836
