,GeneratorProfitDual,TotalCostDispatch,RTGeneratorProfitDual,gap,SSProfit
ObjectiveValue,3097.392979321259,24205.325933448643,3097.392979321259,17.3444,3097.392979320507
