,GeneratorProfitDual,TotalCostDispatch,RTGeneratorProfitDual,gap,SSProfit
ObjectiveValue,13086.567149317807,48114.865684043034,13086.567149317807,157.774,13086.56714931776
