,GeneratorProfitDual,TotalCostDispatch,RTGeneratorProfitDual,gap,SSProfit
ObjectiveValue,1374.2434446995226,207233.89310245248,1374.2434446995226,3.23544,1374.243444697925
