,GeneratorProfitDual,TotalCostDispatch,RTGeneratorProfitDual,gap,SSProfit
ObjectiveValue,22608.371663635327,50637.69474048934,22608.371663635327,29668.8,22608.371663634603
