,GeneratorProfitDual,TotalCostDispatch,RTGeneratorProfitDual,gap,SSProfit
ObjectiveValue,103222.5964953894,127636.2893515433,103222.5964953894,1029.77,104423.88988226814
