,GeneratorProfitDual,TotalCostDispatch,RTGeneratorProfitDual,gap,SSProfit
ObjectiveValue,45475.221957748436,280721.4958656741,45475.221957748436,566.77,45475.22195774807
