,GeneratorProfitDual,TotalCostDispatch,RTGeneratorProfitDual,gap,SSProfit
ObjectiveValue,50759.86258846793,177254.94853737918,50759.86258846793,600.712,50759.86258846695
