,GeneratorProfitDual,TotalCostDispatch,RTGeneratorProfitDual,gap,SSProfit
ObjectiveValue,51767.391749289374,127072.96550658022,51767.391749289374,789.937,51767.39174928896
