,GeneratorProfitDual,TotalCostDispatch,RTGeneratorProfitDual,gap,SSProfit
ObjectiveValue,4395.79865321989,99132.19657409104,4395.786197317944,0.0,4395.7986532189925
