,GeneratorProfitDual,TotalCostDispatch,RTGeneratorProfitDual,gap,SSProfit
ObjectiveValue,3649.5476847767823,51373.11717111307,3649.5476847767823,11.2196,3649.5476847763753
