,GeneratorProfitDual,TotalCostDispatch,RTGeneratorProfitDual,gap,SSProfit
ObjectiveValue,41981.47099466756,216991.40630719133,41981.47099466756,455.721,42049.678119983095
