,GeneratorProfitDual,TotalCostDispatch,RTGeneratorProfitDual,gap,SSProfit
ObjectiveValue,24067.503701867743,171944.29527923508,24067.503701867743,933.977,24067.50370186634
