,GeneratorProfitDual,TotalCostDispatch,RTGeneratorProfitDual,gap,SSProfit
ObjectiveValue,8932.390749255032,79252.53120385326,8932.390749255032,41889.8,8932.390749252058
