,GeneratorProfitDual,TotalCostDispatch,RTGeneratorProfitDual,gap,SSProfit
ObjectiveValue,-7.859700538459947,84864.33520469346,-7.859700538459947,0.0,96.50266033048067
