,GeneratorProfitDual,TotalCostDispatch,RTGeneratorProfitDual,gap,SSProfit
ObjectiveValue,35585.091910222305,98770.48572125731,35585.091910222305,0.0,35585.09191022164
