,GeneratorProfitDual,TotalCostDispatch,RTGeneratorProfitDual,gap,SSProfit
ObjectiveValue,1399.930405480836,589925.7117844064,1399.930405480836,13.8007,2050.2122331818396
