,GeneratorProfitDual,TotalCostDispatch,RTGeneratorProfitDual,gap,SSProfit
ObjectiveValue,1375.2582201384846,589950.3839697465,1375.2582201384846,13.5081,2003.4334276991683
