,GeneratorProfitDual,TotalCostDispatch,RTGeneratorProfitDual,gap,SSProfit
ObjectiveValue,59372.56447131048,302764.2388841917,59372.56447131048,8890.13,59372.564471310274
