,GeneratorProfitDual,TotalCostDispatch,RTGeneratorProfitDual,gap,SSProfit
ObjectiveValue,29990.94581639482,58390.05435243469,29990.94581639482,312.116,29990.945816393076
