,GeneratorProfitDual,TotalCostDispatch,RTGeneratorProfitDual,gap,SSProfit
ObjectiveValue,84564.27883757671,454893.8040375894,84564.27883757671,7018.58,84701.26530038363
