,GeneratorProfitDual,TotalCostDispatch,RTGeneratorProfitDual,gap,SSProfit
ObjectiveValue,48741.27814481325,74602.78146242726,48741.27814481325,0.0,48741.27814481215
