,GeneratorProfitDual,TotalCostDispatch,RTGeneratorProfitDual,gap,SSProfit
ObjectiveValue,27324.33031061969,303684.8137419207,27324.306490316776,340.469,27324.330310615678
