,GeneratorProfitDual,TotalCostDispatch,RTGeneratorProfitDual,gap,SSProfit
ObjectiveValue,50528.52451773458,107293.23779599555,50528.52451773458,35592.4,50528.52451773432
