,GeneratorProfitDual,TotalCostDispatch,RTGeneratorProfitDual,gap,SSProfit
ObjectiveValue,21250.933794436864,43609.745052901904,21250.933794436864,301.793,21250.933794434142
