,GeneratorProfitDual,TotalCostDispatch,RTGeneratorProfitDual,gap,SSProfit
ObjectiveValue,27154.8956829727,129570.57004109502,27154.8956829727,0.0,27273.22734389637
