,GeneratorProfitDual,TotalCostDispatch,RTGeneratorProfitDual,gap,SSProfit
ObjectiveValue,22011.745695441103,63042.28741766372,22011.745695441103,0.0,22011.74569544041
