,GeneratorProfitDual,TotalCostDispatch,RTGeneratorProfitDual,gap,SSProfit
ObjectiveValue,3882.9899271973645,143094.3652977929,3882.9899271973645,0.135774,3935.6158889999997
