,GeneratorProfitDual,TotalCostDispatch,RTGeneratorProfitDual,gap,SSProfit
ObjectiveValue,0.012455902248902362,104.94051470186821,0.012455902248902362,0.0,0.012455901957315664
