,GeneratorProfitDual,TotalCostDispatch,RTGeneratorProfitDual,gap,SSProfit
ObjectiveValue,-1604.591557573323,32694.12166935313,0.026429217924828663,0.0,0.02642920877999984
