,GeneratorProfitDual,TotalCostDispatch,RTGeneratorProfitDual,gap,SSProfit
ObjectiveValue,21553.15781024178,13683.160249469744,21553.15781024178,334.06,21553.157810240176
