,GeneratorProfitDual,TotalCostDispatch,RTGeneratorProfitDual,gap,SSProfit
ObjectiveValue,21533.514357174317,58596.02075498986,21533.514357174317,0.0,21655.756054091355
