,GeneratorProfitDual,TotalCostDispatch,RTGeneratorProfitDual,gap,SSProfit
ObjectiveValue,4947.5307040278985,589442.047413406,4947.5307040278985,0.288995,4947.53070401692
