,GeneratorProfitDual,TotalCostDispatch,RTGeneratorProfitDual,gap,SSProfit
ObjectiveValue,58664.69937868032,423440.86234954227,58664.69937868032,587.232,58664.699378677346
