,GeneratorProfitDual,TotalCostDispatch,RTGeneratorProfitDual,gap,SSProfit
ObjectiveValue,17499.357832134643,713260.5656656987,17499.357832134643,172.729,17670.553797757035
