,GeneratorProfitDual,TotalCostDispatch,RTGeneratorProfitDual,gap,SSProfit
ObjectiveValue,77243.42111076241,179533.40849973325,77243.42111076241,701.685,77569.27264315644
