,GeneratorProfitDual,TotalCostDispatch,RTGeneratorProfitDual,gap,SSProfit
ObjectiveValue,17908.903287665642,99305.63867022471,17908.903287665642,53314.5,18062.845626243525
