,GeneratorProfitDual,TotalCostDispatch,RTGeneratorProfitDual,gap,SSProfit
ObjectiveValue,2745.9006274354497,24625.841943964067,2745.9006274354497,4.12474,2745.9006274351736
