,GeneratorProfitDual,TotalCostDispatch,RTGeneratorProfitDual,gap,SSProfit
ObjectiveValue,1433.0176526386304,307.7525343255885,1433.0176526386304,9.13507,1433.0176526382756
