,GeneratorProfitDual,TotalCostDispatch,RTGeneratorProfitDual,gap,SSProfit
ObjectiveValue,13167.471986697265,338204.9472277784,13167.471986697265,64.6249,13243.265224374316
