,GeneratorProfitDual,TotalCostDispatch,RTGeneratorProfitDual,gap,SSProfit
ObjectiveValue,608.1802848882037,267139.52950015775,608.1802848882037,0.0,740.7338799500016
