,GeneratorProfitDual,TotalCostDispatch,RTGeneratorProfitDual,gap,SSProfit
ObjectiveValue,3168.807860543887,31700.187678487142,3168.807860543887,29.7685,3168.807860543765
