,GeneratorProfitDual,TotalCostDispatch,RTGeneratorProfitDual,gap,SSProfit
ObjectiveValue,50783.588715253165,125380.48978858862,50783.588715253165,508.287,50783.588715250706
