,GeneratorProfitDual,TotalCostDispatch,RTGeneratorProfitDual,gap,SSProfit
ObjectiveValue,2217.041922390125,30635.180524601685,2217.041922390125,0.0,2217.0419223879726
