,GeneratorProfitDual,TotalCostDispatch,RTGeneratorProfitDual,gap,SSProfit
ObjectiveValue,32258.24504677022,25082.33022740224,32258.24504677022,9928.07,32258.24504676991
