,GeneratorProfitDual,TotalCostDispatch,RTGeneratorProfitDual,gap,SSProfit
ObjectiveValue,3750.6271553944225,221106.95986748138,3750.6271553944225,21.0086,3932.8326705255395
