,GeneratorProfitDual,TotalCostDispatch,RTGeneratorProfitDual,gap,SSProfit
ObjectiveValue,58902.49778547243,126364.67602530617,58902.49778547243,0.0,59464.09638347786
