,GeneratorProfitDual,TotalCostDispatch,RTGeneratorProfitDual,gap,SSProfit
ObjectiveValue,73787.30555130995,182250.50602803973,73787.30555130995,689.01,78322.01959044754
