,GeneratorProfitDual,TotalCostDispatch,RTGeneratorProfitDual,gap,SSProfit
ObjectiveValue,68111.85538405842,586369.4891451795,68111.85538405842,688.881,68174.71642189492
