,GeneratorProfitDual,TotalCostDispatch,RTGeneratorProfitDual,gap,SSProfit
ObjectiveValue,38896.821106748845,278299.1042227958,38896.821106748845,386.072,39224.4616644667
