,GeneratorProfitDual,TotalCostDispatch,RTGeneratorProfitDual,gap,SSProfit
ObjectiveValue,3061.0843441892875,34230.69487654505,3061.0843441892875,0.0,3061.0843441888937
