,GeneratorProfitDual,TotalCostDispatch,RTGeneratorProfitDual,gap,SSProfit
ObjectiveValue,34860.8173868786,336147.5194080799,34860.8173868786,343.811,34860.817386875155
