,GeneratorProfitDual,TotalCostDispatch,RTGeneratorProfitDual,gap,SSProfit
ObjectiveValue,14764.834712813772,65624.13180549485,14764.834712813772,46408.7,14764.834712810727
