,GeneratorProfitDual,TotalCostDispatch,RTGeneratorProfitDual,gap,SSProfit
ObjectiveValue,565.1980361247935,63602.90447559609,565.1980361247935,5.50516,565.1980361760138
