,GeneratorProfitDual,TotalCostDispatch,RTGeneratorProfitDual,gap,SSProfit
ObjectiveValue,32745.190437938098,55105.1253217468,32745.190437938098,418.36,32749.27801038201
