,GeneratorProfitDual,TotalCostDispatch,RTGeneratorProfitDual,gap,SSProfit
ObjectiveValue,62125.94718431612,207744.6180019301,62125.94718431612,620.412,62125.94718431022
