,GeneratorProfitDual,TotalCostDispatch,RTGeneratorProfitDual,gap,SSProfit
ObjectiveValue,25846.48161155939,139648.68151506872,25846.48161155939,257.104,25846.481611555693
