,GeneratorProfitDual,TotalCostDispatch,RTGeneratorProfitDual,gap,SSProfit
ObjectiveValue,3794.184466396132,436873.48686095484,3794.184466396132,0.0,4026.771197999991
