,GeneratorProfitDual,TotalCostDispatch,RTGeneratorProfitDual,gap,SSProfit
ObjectiveValue,49940.70232762812,303310.26132716995,49940.70232762812,498.403,50020.11937696427
