,GeneratorProfitDual,TotalCostDispatch,RTGeneratorProfitDual,gap,SSProfit
ObjectiveValue,3250.9359279748123,37820.000284355105,3250.9359279748123,1.44879,3250.9359279735245
