,GeneratorProfitDual,TotalCostDispatch,RTGeneratorProfitDual,gap,SSProfit
ObjectiveValue,152.1609950218717,766542.803937132,152.1609950218717,2.66041,152.1609950179784
