,GeneratorProfitDual,TotalCostDispatch,RTGeneratorProfitDual,gap,SSProfit
ObjectiveValue,1245.5901957318588,889.1503155700045,1245.5901957318588,6.53305,1245.5901957315891
