,GeneratorProfitDual,TotalCostDispatch,RTGeneratorProfitDual,gap,SSProfit
ObjectiveValue,2909.750024566887,74549.75932579825,2909.750024566887,12.3563,2909.7500245652127
