,GeneratorProfitDual,TotalCostDispatch,RTGeneratorProfitDual,gap,SSProfit
ObjectiveValue,15333.766024895773,501450.4481891924,15333.766024895773,57.0046,15333.766024892308
