,GeneratorProfitDual,TotalCostDispatch,RTGeneratorProfitDual,gap,SSProfit
ObjectiveValue,34234.078384293876,184714.8281181658,34234.078384293876,359.566,34333.55757305357
