,GeneratorProfitDual,TotalCostDispatch,RTGeneratorProfitDual,gap,SSProfit
ObjectiveValue,110209.61938645129,539431.8341046827,110209.59665398879,1107.44,110209.61938644608
