,GeneratorProfitDual,TotalCostDispatch,RTGeneratorProfitDual,gap,SSProfit
ObjectiveValue,1868.3852935986024,11098.712088619937,1868.3852935986024,3.92662,1868.3852935973496
