,GeneratorProfitDual,TotalCostDispatch,RTGeneratorProfitDual,gap,SSProfit
ObjectiveValue,493.1814353993691,24984.199431611964,493.1814353993691,0.0,493.18143539878713
