,GeneratorProfitDual,TotalCostDispatch,RTGeneratorProfitDual,gap,SSProfit
ObjectiveValue,1128.9741191660714,126284.73950298972,1128.9741191660714,9.16357,1128.9741191651876
