,GeneratorProfitDual,TotalCostDispatch,RTGeneratorProfitDual,gap,SSProfit
ObjectiveValue,533.2796704684306,79628.21425443812,533.2796704684306,0.0,533.2796704654907
