,GeneratorProfitDual,TotalCostDispatch,RTGeneratorProfitDual,gap,SSProfit
ObjectiveValue,3084.4387717589852,27199.569092620597,3084.4387717589852,30.3536,3084.4387717571935
