,GeneratorProfitDual,TotalCostDispatch,RTGeneratorProfitDual,gap,SSProfit
ObjectiveValue,59731.421378713996,178142.49575408705,59731.421378713996,0.0,59876.092841771
