,GeneratorProfitDual,TotalCostDispatch,RTGeneratorProfitDual,gap,SSProfit
ObjectiveValue,54563.93652528262,43954.228487443106,54563.93652528262,51199.4,54563.93652528155
