,GeneratorProfitDual,TotalCostDispatch,RTGeneratorProfitDual,gap,SSProfit
ObjectiveValue,28500.8705491989,81499.93695391958,28500.8705491989,0.0,28500.870549198105
