,GeneratorProfitDual,TotalCostDispatch,RTGeneratorProfitDual,gap,SSProfit
ObjectiveValue,58145.239543315976,207744.61800193044,58145.239543315976,0.0,58145.23954331028
