,GeneratorProfitDual,TotalCostDispatch,RTGeneratorProfitDual,gap,SSProfit
ObjectiveValue,53541.39785115564,266916.60753562243,53541.39785115564,88.5366,53835.3530318923
