,GeneratorProfitDual,TotalCostDispatch,RTGeneratorProfitDual,gap,SSProfit
ObjectiveValue,26971.40323550858,136464.0225276616,26971.40323550858,252.452,26971.403235504786
