,GeneratorProfitDual,TotalCostDispatch,RTGeneratorProfitDual,gap,SSProfit
ObjectiveValue,47086.40759802941,113022.83102842329,47086.40759802941,0.0,47086.407598027356
