,GeneratorProfitDual,TotalCostDispatch,RTGeneratorProfitDual,gap,SSProfit
ObjectiveValue,1868.385293598421,12198.793460588842,1868.385293598421,0.0,1868.3852935973496
