,GeneratorProfitDual,TotalCostDispatch,RTGeneratorProfitDual,gap,SSProfit
ObjectiveValue,16072.805165380438,36855.46599708583,16072.805165380438,225.765,16072.805165379941
