,GeneratorProfitDual,TotalCostDispatch,RTGeneratorProfitDual,gap,SSProfit
ObjectiveValue,1868.3852935978105,15971.77273939364,1868.3852935978105,0.0,1868.3852935973496
