,GeneratorProfitDual,TotalCostDispatch,RTGeneratorProfitDual,gap,SSProfit
ObjectiveValue,4349.666553840258,674410.5464465572,4349.666553840258,42.3116,4541.633487000022
