,GeneratorProfitDual,TotalCostDispatch,RTGeneratorProfitDual,gap,SSProfit
ObjectiveValue,3861.0708546300107,99303.23427844718,3861.0708546300107,36.9558,3907.319575412499
