,GeneratorProfitDual,TotalCostDispatch,RTGeneratorProfitDual,gap,SSProfit
ObjectiveValue,48903.49928653312,332709.0041812238,48903.49928653312,1594.5,50157.59843574945
