,GeneratorProfitDual,TotalCostDispatch,RTGeneratorProfitDual,gap,SSProfit
ObjectiveValue,21084.98350047238,113639.69720492003,21084.98350047238,0.0,21084.983500471724
