,GeneratorProfitDual,TotalCostDispatch,RTGeneratorProfitDual,gap,SSProfit
ObjectiveValue,10117.930110463198,37528.51431920118,10117.930110463198,87.141,10117.930110462834
