,GeneratorProfitDual,TotalCostDispatch,RTGeneratorProfitDual,gap,SSProfit
ObjectiveValue,3745.1957781114525,280497.9117033144,3745.1957781114525,0.0,3964.381316999998
