,GeneratorProfitDual,TotalCostDispatch,RTGeneratorProfitDual,gap,SSProfit
ObjectiveValue,46165.7282278679,133212.32674463818,46165.7282278679,450.655,46165.72822786685
