,GeneratorProfitDual,TotalCostDispatch,RTGeneratorProfitDual,gap,SSProfit
ObjectiveValue,10664.294744718598,200931.83285533992,10664.294744718598,0.0,10664.294744717006
