,GeneratorProfitDual,TotalCostDispatch,RTGeneratorProfitDual,gap,SSProfit
ObjectiveValue,34551.11219002743,102900.40615735683,34551.11219002743,0.0,34551.112190022424
