,GeneratorProfitDual,TotalCostDispatch,RTGeneratorProfitDual,gap,SSProfit
ObjectiveValue,23833.64051467389,30719.72380244292,23833.64051467389,429.938,23833.64051467366
