,GeneratorProfitDual,TotalCostDispatch,RTGeneratorProfitDual,gap,SSProfit
ObjectiveValue,3365.4200574043443,51612.54180381806,3365.4200574043443,0.0,3365.4200574039364
