,GeneratorProfitDual,TotalCostDispatch,RTGeneratorProfitDual,gap,SSProfit
ObjectiveValue,14053.475567613472,710949.1752714526,14053.475567613472,117.287,14449.09031768163
