,GeneratorProfitDual,TotalCostDispatch,RTGeneratorProfitDual,gap,SSProfit
ObjectiveValue,15385.351288417312,23716.24791056325,15385.351288417312,281.079,15385.351288416921
