,GeneratorProfitDual,TotalCostDispatch,RTGeneratorProfitDual,gap,SSProfit
ObjectiveValue,7968.800081720516,761889.198238434,7968.769804164009,72.3577,8353.851307736662
