,GeneratorProfitDual,TotalCostDispatch,RTGeneratorProfitDual,gap,SSProfit
ObjectiveValue,82810.80078782522,338726.9016511756,82810.80078782522,826.942,82906.16570206478
