,GeneratorProfitDual,TotalCostDispatch,RTGeneratorProfitDual,gap,SSProfit
ObjectiveValue,1868.3852935984278,7120.79214997991,1868.3852935984278,290.326,1868.3852935973603
