,GeneratorProfitDual,TotalCostDispatch,RTGeneratorProfitDual,gap,SSProfit
ObjectiveValue,2914.355179969585,23863.973473400994,2914.355179969585,126.907,2914.3551799691654
