,GeneratorProfitDual,TotalCostDispatch,RTGeneratorProfitDual,gap,SSProfit
ObjectiveValue,49946.22344707421,303310.38183098915,49946.22344707421,487.736,50024.457955692575
