,GeneratorProfitDual,TotalCostDispatch,RTGeneratorProfitDual,gap,SSProfit
ObjectiveValue,3949.8935655769333,139648.68151506866,3949.8935655769333,0.0,3949.893565572975
