,GeneratorProfitDual,TotalCostDispatch,RTGeneratorProfitDual,gap,SSProfit
ObjectiveValue,29097.40523173312,126379.44938053089,29097.40523173312,0.0,29106.74900043776
