,GeneratorProfitDual,TotalCostDispatch,RTGeneratorProfitDual,gap,SSProfit
ObjectiveValue,4026.7711980039703,423440.86234954227,4026.7711980039703,0.0,4026.7711979999926
