,GeneratorProfitDual,TotalCostDispatch,RTGeneratorProfitDual,gap,SSProfit
ObjectiveValue,54958.92119419374,271431.63302083156,54958.92119419374,521.092,55266.85152611405
