,GeneratorProfitDual,TotalCostDispatch,RTGeneratorProfitDual,gap,SSProfit
ObjectiveValue,16522.732635219014,63725.40929757086,16522.732635219014,34154.8,16522.73263521841
