,GeneratorProfitDual,TotalCostDispatch,RTGeneratorProfitDual,gap,SSProfit
ObjectiveValue,10211.629746683124,39836.66389284073,10211.629746683124,0.0,10211.629746680712
