,GeneratorProfitDual,TotalCostDispatch,RTGeneratorProfitDual,gap,SSProfit
ObjectiveValue,439.0458482254006,63743.60373701566,439.0458482254006,1.60254,439.045848224575
