,GeneratorProfitDual,TotalCostDispatch,RTGeneratorProfitDual,gap,SSProfit
ObjectiveValue,9792.789542682909,99143.29240351946,9792.789542682909,0.0,9792.789542682018
