,GeneratorProfitDual,TotalCostDispatch,RTGeneratorProfitDual,gap,SSProfit
ObjectiveValue,20541.701620292715,115159.96352420861,20541.701620292715,1658.58,20684.371313339063
