,GeneratorProfitDual,TotalCostDispatch,RTGeneratorProfitDual,gap,SSProfit
ObjectiveValue,825.7339676603212,31537.289654503486,825.7339676603212,4.69145,825.733967657948
