,GeneratorProfitDual,TotalCostDispatch,RTGeneratorProfitDual,gap,SSProfit
ObjectiveValue,45764.17250563568,202877.51307105986,45764.17250563568,2860.81,45835.286935359254
