,GeneratorProfitDual,TotalCostDispatch,RTGeneratorProfitDual,gap,SSProfit
ObjectiveValue,62636.42983916041,149796.59096726775,62636.42983916041,0.0,62636.42983915894
