,GeneratorProfitDual,TotalCostDispatch,RTGeneratorProfitDual,gap,SSProfit
ObjectiveValue,-107.51929965829163,539431.8341046828,-107.51929965829163,0.621498,-107.51929966520333
