,GeneratorProfitDual,TotalCostDispatch,RTGeneratorProfitDual,gap,SSProfit
ObjectiveValue,36346.37200363262,11409.918917978985,36346.37200363262,546.368,36346.37200363058
