,GeneratorProfitDual,TotalCostDispatch,RTGeneratorProfitDual,gap,SSProfit
ObjectiveValue,9398.464352322451,17647.294373342385,9398.464352322451,12.1907,9398.464352321102
