,GeneratorProfitDual,TotalCostDispatch,RTGeneratorProfitDual,gap,SSProfit
ObjectiveValue,2278.096854422236,99305.63867022468,2278.096854422236,13.8796,2432.039192999998
