,GeneratorProfitDual,TotalCostDispatch,RTGeneratorProfitDual,gap,SSProfit
ObjectiveValue,48573.75811733466,135267.19113738652,48573.75811733466,0.0,48573.75811733427
