,GeneratorProfitDual,TotalCostDispatch,RTGeneratorProfitDual,gap,SSProfit
ObjectiveValue,11704.944485955071,82595.54237546357,11704.944485955071,0.0,11704.94448595014
