,GeneratorProfitDual,TotalCostDispatch,RTGeneratorProfitDual,gap,SSProfit
ObjectiveValue,49591.89293766498,266927.77550611267,49591.89293766498,193.24,49897.016088892364
