,GeneratorProfitDual,TotalCostDispatch,RTGeneratorProfitDual,gap,SSProfit
ObjectiveValue,3128.2357613846816,354390.7574226181,3128.2357613846816,30.9839,3239.6579007603323
