,GeneratorProfitDual,TotalCostDispatch,RTGeneratorProfitDual,gap,SSProfit
ObjectiveValue,0.05285845662442057,32694.121669322238,0.05285845662442057,0.0,0.05285841755911773
