,GeneratorProfitDual,TotalCostDispatch,RTGeneratorProfitDual,gap,SSProfit
ObjectiveValue,15417.689057229167,23716.24791056311,15417.689057229167,272.078,15431.514197947257
