,GeneratorProfitDual,TotalCostDispatch,RTGeneratorProfitDual,gap,SSProfit
ObjectiveValue,3669.6933147710715,151110.06955070727,3669.6933147710715,8.02505,3912.2925689999906
