,GeneratorProfitDual,TotalCostDispatch,RTGeneratorProfitDual,gap,SSProfit
ObjectiveValue,49946.22344707377,303310.3818309892,49946.22344707377,468.818,50024.45795569258
