,GeneratorProfitDual,TotalCostDispatch,RTGeneratorProfitDual,gap,SSProfit
ObjectiveValue,70947.63592672783,410910.23479408334,70947.63592672783,0.0,70947.63592672462
