,GeneratorProfitDual,TotalCostDispatch,RTGeneratorProfitDual,gap,SSProfit
ObjectiveValue,104002.80389339635,32736.87492001821,104002.80389339635,935.178,110409.77268028639
