,GeneratorProfitDual,TotalCostDispatch,RTGeneratorProfitDual,gap,SSProfit
ObjectiveValue,-1819.1215451959583,135900.2303724653,-1819.1215451959583,0.0,20784.925901912775
