,GeneratorProfitDual,TotalCostDispatch,RTGeneratorProfitDual,gap,SSProfit
ObjectiveValue,8542.844086111681,32694.121669322238,8542.844086111681,0.0,8542.844086073486
