,GeneratorProfitDual,TotalCostDispatch,RTGeneratorProfitDual,gap,SSProfit
ObjectiveValue,12713.155089806836,22165.73600626562,12713.155089806836,37170.0,12713.155089806654
