,GeneratorProfitDual,TotalCostDispatch,RTGeneratorProfitDual,gap,SSProfit
ObjectiveValue,16351.973593031595,77821.3093897325,16351.973593031595,66349.9,16351.973593030838
