,GeneratorProfitDual,TotalCostDispatch,RTGeneratorProfitDual,gap,SSProfit
ObjectiveValue,42454.1818996545,228925.78107093857,42454.1818996545,4929.7,42454.18189965333
