,GeneratorProfitDual,TotalCostDispatch,RTGeneratorProfitDual,gap,SSProfit
ObjectiveValue,9690.276755205836,53949.16544583608,9690.276755205836,25418.3,9690.276755205436
