,GeneratorProfitDual,TotalCostDispatch,RTGeneratorProfitDual,gap,SSProfit
ObjectiveValue,36568.69883127655,69251.4531875606,36568.69883127655,6114.13,36568.69883127575
