,GeneratorProfitDual,TotalCostDispatch,RTGeneratorProfitDual,gap,SSProfit
ObjectiveValue,67638.21961412548,169376.02392795274,67638.21900339988,0.0,67644.5581622688
