,GeneratorProfitDual,TotalCostDispatch,RTGeneratorProfitDual,gap,SSProfit
ObjectiveValue,4026.771198004527,364976.01478619454,4026.771198004527,0.0,4026.7711980000236
