,GeneratorProfitDual,TotalCostDispatch,RTGeneratorProfitDual,gap,SSProfit
ObjectiveValue,28920.604825770624,25082.330227402243,28920.604825770624,10712.1,28920.604825770344
