,GeneratorProfitDual,TotalCostDispatch,RTGeneratorProfitDual,gap,SSProfit
ObjectiveValue,38706.10890463265,11409.918917978968,38706.10890463265,582.966,38706.108904630586
