,GeneratorProfitDual,TotalCostDispatch,RTGeneratorProfitDual,gap,SSProfit
ObjectiveValue,65546.20045250263,258992.81320033467,65546.20045250263,10817.2,65798.56837126976
