,GeneratorProfitDual,TotalCostDispatch,RTGeneratorProfitDual,gap,SSProfit
ObjectiveValue,2565.6985511787425,14125.415269651066,2565.6985511787425,95.3551,2565.6985511785606
