,GeneratorProfitDual,TotalCostDispatch,RTGeneratorProfitDual,gap,SSProfit
ObjectiveValue,42398.3661784276,491216.71132968477,42398.34767068714,424.034,42637.04196036862
