,GeneratorProfitDual,TotalCostDispatch,RTGeneratorProfitDual,gap,SSProfit
ObjectiveValue,67680.49507068507,153787.88154956308,67680.49507068507,0.0,67680.49507067929
