,GeneratorProfitDual,TotalCostDispatch,RTGeneratorProfitDual,gap,SSProfit
ObjectiveValue,1868.3852935983004,11553.102415186542,1868.3852935983004,6.17404,1868.385293597361
