,GeneratorProfitDual,TotalCostDispatch,RTGeneratorProfitDual,gap,SSProfit
ObjectiveValue,21428.21490101337,126284.7395029896,21428.21490101337,31562.0,21428.2149010126
