,GeneratorProfitDual,TotalCostDispatch,RTGeneratorProfitDual,gap,SSProfit
ObjectiveValue,2217.041922389351,12078.340444394235,2217.041922389351,0.0,2217.0419223879617
