,GeneratorProfitDual,TotalCostDispatch,RTGeneratorProfitDual,gap,SSProfit
ObjectiveValue,1868.3852935984828,10329.761397103788,1868.3852935984828,84.9188,1868.3852935973496
