,GeneratorProfitDual,TotalCostDispatch,RTGeneratorProfitDual,gap,SSProfit
ObjectiveValue,1055.8323055023814,72607.86971190646,1055.8323055023814,2.42089,1055.8323054999846
