,GeneratorProfitDual,TotalCostDispatch,RTGeneratorProfitDual,gap,SSProfit
ObjectiveValue,17569.989568905712,306261.1061503822,17569.989568905712,219.347,17569.989568902653
