,GeneratorProfitDual,TotalCostDispatch,RTGeneratorProfitDual,gap,SSProfit
ObjectiveValue,8353.598548457381,57696.839579550775,8353.598548457381,0.0,8353.598548456974
