,GeneratorProfitDual,TotalCostDispatch,RTGeneratorProfitDual,gap,SSProfit
ObjectiveValue,3482.613704548094,139293.0588471245,3482.613704548094,0.0,3482.613704543484
