,GeneratorProfitDual,TotalCostDispatch,RTGeneratorProfitDual,gap,SSProfit
ObjectiveValue,27397.242218669544,656328.5601599109,27397.242218669544,263.157,27605.34038112749
