,GeneratorProfitDual,TotalCostDispatch,RTGeneratorProfitDual,gap,SSProfit
ObjectiveValue,45725.21502457095,88958.51367103141,45725.21502457095,637.819,45725.215024570825
