,GeneratorProfitDual,TotalCostDispatch,RTGeneratorProfitDual,gap,SSProfit
ObjectiveValue,12643.309702273233,59272.27717956468,12643.309702273233,0.0,12823.46931690251
