,GeneratorProfitDual,TotalCostDispatch,RTGeneratorProfitDual,gap,SSProfit
ObjectiveValue,59285.979680369084,250460.16134405485,59285.979680369084,596.266,59364.35100220478
