,GeneratorProfitDual,TotalCostDispatch,RTGeneratorProfitDual,gap,SSProfit
ObjectiveValue,22501.115452568614,452031.7012155749,22501.115452568614,195.825,22704.41099436385
