,GeneratorProfitDual,TotalCostDispatch,RTGeneratorProfitDual,gap,SSProfit
ObjectiveValue,31910.116399376573,90356.52752969088,31910.116399376573,40526.0,31910.116399375456
