,GeneratorProfitDual,TotalCostDispatch,RTGeneratorProfitDual,gap,SSProfit
ObjectiveValue,50150.90617186816,133212.32674463824,50150.90617186816,501.837,50150.90617186685
