,GeneratorProfitDual,TotalCostDispatch,RTGeneratorProfitDual,gap,SSProfit
ObjectiveValue,9694.358903441685,130801.17158280262,9694.358903441685,0.0,9694.358903437009
