,GeneratorProfitDual,TotalCostDispatch,RTGeneratorProfitDual,gap,SSProfit
ObjectiveValue,24699.66311601849,81499.9369539196,24699.66311601849,77171.4,24699.66311601765
