,GeneratorProfitDual,TotalCostDispatch,RTGeneratorProfitDual,gap,SSProfit
ObjectiveValue,9676.841230093447,766566.1341581101,9676.841230093447,97.0022,9676.84123008571
