,GeneratorProfitDual,TotalCostDispatch,RTGeneratorProfitDual,gap,SSProfit
ObjectiveValue,96460.7056466356,166752.5076719174,96460.68858347843,0.0,96460.70564663297
