,GeneratorProfitDual,TotalCostDispatch,RTGeneratorProfitDual,gap,SSProfit
ObjectiveValue,4109.451767303715,673307.644092527,4109.451767303715,25.5321,4341.8221487255205
