,GeneratorProfitDual,TotalCostDispatch,RTGeneratorProfitDual,gap,SSProfit
ObjectiveValue,2351.85030027023,77821.30938973252,2351.85030027023,20.1065,2351.850300269315
