,GeneratorProfitDual,TotalCostDispatch,RTGeneratorProfitDual,gap,SSProfit
ObjectiveValue,38303.38620794758,305401.88867308234,38303.38620794758,490.121,38303.38620794645
