,GeneratorProfitDual,TotalCostDispatch,RTGeneratorProfitDual,gap,SSProfit
ObjectiveValue,44609.376800335165,135267.19113738637,44609.376800335165,2020.38,44609.37680033422
