,GeneratorProfitDual,TotalCostDispatch,RTGeneratorProfitDual,gap,SSProfit
ObjectiveValue,22728.648261665694,90493.8813399415,22728.648261665694,0.0,22796.30289235605
