,GeneratorProfitDual,TotalCostDispatch,RTGeneratorProfitDual,gap,SSProfit
ObjectiveValue,62125.947184311815,207744.6180019346,62125.947184311815,0.0,62125.947184310135
