,GeneratorProfitDual,TotalCostDispatch,RTGeneratorProfitDual,gap,SSProfit
ObjectiveValue,20664.25013836134,357099.0294076521,20664.25013836134,153.419,20664.25013835911
