,GeneratorProfitDual,TotalCostDispatch,RTGeneratorProfitDual,gap,SSProfit
ObjectiveValue,65762.66696621686,137197.50468863393,65762.66696621686,514.56,65986.16803353257
