,GeneratorProfitDual,TotalCostDispatch,RTGeneratorProfitDual,gap,SSProfit
ObjectiveValue,20313.21721317457,306250.52998934616,20313.21721317457,265.212,20313.217213171964
