,GeneratorProfitDual,TotalCostDispatch,RTGeneratorProfitDual,gap,SSProfit
ObjectiveValue,2022.0352752721562,18092.764129734347,2022.0352752721562,12.1468,2022.035275271703
