,GeneratorProfitDual,TotalCostDispatch,RTGeneratorProfitDual,gap,SSProfit
ObjectiveValue,12778.789051606956,761890.2672239338,12778.789051606956,127.93,13113.340638650276
