,GeneratorProfitDual,TotalCostDispatch,RTGeneratorProfitDual,gap,SSProfit
ObjectiveValue,52522.15187704634,351108.87427554146,52522.15187704634,525.128,52522.15187704485
