,GeneratorProfitDual,TotalCostDispatch,RTGeneratorProfitDual,gap,SSProfit
ObjectiveValue,26758.363378380527,65154.616266348115,26758.363378380527,444.93,27582.93307892005
