,GeneratorProfitDual,TotalCostDispatch,RTGeneratorProfitDual,gap,SSProfit
ObjectiveValue,1180.0243515900495,489840.0110489323,1180.0243515900495,12.0805,1347.9412226440195
