,GeneratorProfitDual,TotalCostDispatch,RTGeneratorProfitDual,gap,SSProfit
ObjectiveValue,33696.50513416016,55325.93969610939,33696.50513416016,0.0,33696.50513415922
