,GeneratorProfitDual,TotalCostDispatch,RTGeneratorProfitDual,gap,SSProfit
ObjectiveValue,846.5939598415334,133450.30440884805,846.5939598415334,8.76041,1055.8323054999964
