,GeneratorProfitDual,TotalCostDispatch,RTGeneratorProfitDual,gap,SSProfit
ObjectiveValue,1055.832305502479,40445.28217922761,1055.832305502479,0.0,1055.8323055000205
