,GeneratorProfitDual,TotalCostDispatch,RTGeneratorProfitDual,gap,SSProfit
ObjectiveValue,16029.625564139127,558633.7833193038,16029.625564139127,55.8199,16066.592096122407
