,GeneratorProfitDual,TotalCostDispatch,RTGeneratorProfitDual,gap,SSProfit
ObjectiveValue,63344.78001677117,354433.3423394616,63344.78001677117,193.357,63575.93304886688
