,GeneratorProfitDual,TotalCostDispatch,RTGeneratorProfitDual,gap,SSProfit
ObjectiveValue,3470.668730930748,58596.02075498988,3470.668730930748,0.0,3592.9104278478208
