,GeneratorProfitDual,TotalCostDispatch,RTGeneratorProfitDual,gap,SSProfit
ObjectiveValue,466.44809036991586,53949.16544583608,466.44809036991586,0.0,466.448090369421
