,GeneratorProfitDual,TotalCostDispatch,RTGeneratorProfitDual,gap,SSProfit
ObjectiveValue,54634.27814418827,423440.8623495422,54634.27814418827,543.407,54634.278144185395
