,GeneratorProfitDual,TotalCostDispatch,RTGeneratorProfitDual,gap,SSProfit
ObjectiveValue,2632.4384610794905,126436.01253774903,2632.4384610794905,0.0,2632.438461076365
