,GeneratorProfitDual,TotalCostDispatch,RTGeneratorProfitDual,gap,SSProfit
ObjectiveValue,3431.987975963453,65184.82338322955,3431.987975963453,16.4637,3431.9879759622304
