,GeneratorProfitDual,TotalCostDispatch,RTGeneratorProfitDual,gap,SSProfit
ObjectiveValue,4933.757863779089,589442.0474134061,4933.757863779089,0.0,4933.757863768036
