,GeneratorProfitDual,TotalCostDispatch,RTGeneratorProfitDual,gap,SSProfit
ObjectiveValue,9152.664414279672,334197.2071310342,9152.664414279672,52.8717,9274.220690362326
