,GeneratorProfitDual,TotalCostDispatch,RTGeneratorProfitDual,gap,SSProfit
ObjectiveValue,1868.3852935978762,7375.471454603471,1868.3852935978762,67.403,1868.385293597361
