,GeneratorProfitDual,TotalCostDispatch,RTGeneratorProfitDual,gap,SSProfit
ObjectiveValue,66117.33905977051,207763.91133036764,66117.33905977051,667.675,66117.33905976923
