,GeneratorProfitDual,TotalCostDispatch,RTGeneratorProfitDual,gap,SSProfit
ObjectiveValue,22384.641182967312,655419.3784775035,22384.641182967312,211.963,22384.64118296342
