,GeneratorProfitDual,TotalCostDispatch,RTGeneratorProfitDual,gap,SSProfit
ObjectiveValue,117696.11668254655,36960.07761693628,117696.11668254655,1193.54,118561.973089962
