,GeneratorProfitDual,TotalCostDispatch,RTGeneratorProfitDual,gap,SSProfit
ObjectiveValue,30609.268694543625,186970.04996667808,30609.268694543625,527.682,31148.099839074603
