,GeneratorProfitDual,TotalCostDispatch,RTGeneratorProfitDual,gap,SSProfit
ObjectiveValue,14648.150700336833,77317.12696253098,14648.150700336833,35910.1,14708.905900234917
