,GeneratorProfitDual,TotalCostDispatch,RTGeneratorProfitDual,gap,SSProfit
ObjectiveValue,88452.43542373029,246596.77503585504,88452.43542373029,986.13,88452.43542372773
