,GeneratorProfitDual,TotalCostDispatch,RTGeneratorProfitDual,gap,SSProfit
ObjectiveValue,69764.84357103209,495016.25335150847,69764.84357103209,711.181,70164.89972572774
