,GeneratorProfitDual,TotalCostDispatch,RTGeneratorProfitDual,gap,SSProfit
ObjectiveValue,62645.5038745497,274949.0279179786,62645.5038745497,609.113,62645.50387454324
