,GeneratorProfitDual,TotalCostDispatch,RTGeneratorProfitDual,gap,SSProfit
ObjectiveValue,27656.093772922635,90304.81957609188,27656.093772922635,0.0,27656.09377292177
