,GeneratorProfitDual,TotalCostDispatch,RTGeneratorProfitDual,gap,SSProfit
ObjectiveValue,63247.677595266985,354417.85690432385,63247.677595266985,637.154,63355.72789617195
