,GeneratorProfitDual,TotalCostDispatch,RTGeneratorProfitDual,gap,SSProfit
ObjectiveValue,29430.287061277642,77896.8485996685,29430.287061277642,0.0,29430.28706127711
