,GeneratorProfitDual,TotalCostDispatch,RTGeneratorProfitDual,gap,SSProfit
ObjectiveValue,6795.142919340853,31537.289654505134,6795.142919340853,2264.53,6795.14291934035
