,GeneratorProfitDual,TotalCostDispatch,RTGeneratorProfitDual,gap,SSProfit
ObjectiveValue,4592.520557106184,645453.158580975,4592.520557106184,43.9454,4725.987065885225
