,GeneratorProfitDual,TotalCostDispatch,RTGeneratorProfitDual,gap,SSProfit
ObjectiveValue,3395.4552998562763,102900.40615735689,3395.4552998562763,0.0,3395.4552998511817
