,GeneratorProfitDual,TotalCostDispatch,RTGeneratorProfitDual,gap,SSProfit
ObjectiveValue,12080.847219125302,673307.9247250718,12080.847219125302,103.295,12287.685532965386
