,GeneratorProfitDual,TotalCostDispatch,RTGeneratorProfitDual,gap,SSProfit
ObjectiveValue,58661.0493421878,423440.86234954256,58661.0493421878,582.619,58661.04934218536
