,GeneratorProfitDual,TotalCostDispatch,RTGeneratorProfitDual,gap,SSProfit
ObjectiveValue,16671.2481193451,46220.305564633505,16671.2481193451,370.468,16671.248119344422
