,GeneratorProfitDual,TotalCostDispatch,RTGeneratorProfitDual,gap,SSProfit
ObjectiveValue,38083.53271377714,248147.8859641254,38083.53271377714,258.371,38168.57699017298
