,GeneratorProfitDual,TotalCostDispatch,RTGeneratorProfitDual,gap,SSProfit
ObjectiveValue,3993.1798534680756,252510.5454667024,3993.1798534680756,1.53893,3993.179853466523
