,GeneratorProfitDual,TotalCostDispatch,RTGeneratorProfitDual,gap,SSProfit
ObjectiveValue,24138.57096374104,67861.8944543091,24138.57096374104,378.658,24428.06611556835
