,GeneratorProfitDual,TotalCostDispatch,RTGeneratorProfitDual,gap,SSProfit
ObjectiveValue,61264.49229989818,139570.52788912132,61264.49229989818,408.707,61405.55678806297
