,GeneratorProfitDual,TotalCostDispatch,RTGeneratorProfitDual,gap,SSProfit
ObjectiveValue,-280.48676418145317,142481.92334534044,-280.48676418145317,0.0,6.478927081580465
