,GeneratorProfitDual,TotalCostDispatch,RTGeneratorProfitDual,gap,SSProfit
ObjectiveValue,6211.745198898071,130801.1715828026,6211.745198898071,0.0,6211.745198893516
