,GeneratorProfitDual,TotalCostDispatch,RTGeneratorProfitDual,gap,SSProfit
ObjectiveValue,11511.655268785229,50653.44457093798,11511.655268785229,0.0,11511.655268784918
