,GeneratorProfitDual,TotalCostDispatch,RTGeneratorProfitDual,gap,SSProfit
ObjectiveValue,3455.557045146823,119403.339285059,3455.557045146823,24.4723,3455.557045145548
