,GeneratorProfitDual,TotalCostDispatch,RTGeneratorProfitDual,gap,SSProfit
ObjectiveValue,114204.86258630904,582268.5857584137,114204.86258630904,1154.99,114204.86258630238
