,GeneratorProfitDual,TotalCostDispatch,RTGeneratorProfitDual,gap,SSProfit
ObjectiveValue,0.3905260657331837,582267.9118675701,0.3905260657331837,0.0,0.3905260554203096
