,GeneratorProfitDual,TotalCostDispatch,RTGeneratorProfitDual,gap,SSProfit
ObjectiveValue,20949.58759817119,64679.33426736879,20949.58759817119,42673.8,21053.98300766086
