,GeneratorProfitDual,TotalCostDispatch,RTGeneratorProfitDual,gap,SSProfit
ObjectiveValue,22333.07979530301,207202.54539365842,22333.07979530301,9557.79,22333.079795301896
