,GeneratorProfitDual,TotalCostDispatch,RTGeneratorProfitDual,gap,SSProfit
ObjectiveValue,9298.581794433761,24984.19943161223,9298.581794433761,92.2747,9298.58179443346
