,GeneratorProfitDual,TotalCostDispatch,RTGeneratorProfitDual,gap,SSProfit
ObjectiveValue,3417.1148786103536,47743.89279233261,3417.1148786103536,14.7427,3417.1148786097056
