,GeneratorProfitDual,TotalCostDispatch,RTGeneratorProfitDual,gap,SSProfit
ObjectiveValue,9950.717274671508,48685.15354383416,9950.717274671508,76.6087,9950.71727467093
