,GeneratorProfitDual,TotalCostDispatch,RTGeneratorProfitDual,gap,SSProfit
ObjectiveValue,5619.97562272293,44362.80980823538,5619.97562272293,63.5699,5619.975622720517
