,GeneratorProfitDual,TotalCostDispatch,RTGeneratorProfitDual,gap,SSProfit
ObjectiveValue,9668.256421465085,28425.801670975277,9668.241767462758,0.0,9668.256421463542
