,GeneratorProfitDual,TotalCostDispatch,RTGeneratorProfitDual,gap,SSProfit
ObjectiveValue,59596.275617320185,230185.02496640792,59596.275617320185,0.0,59651.068654841234
