,GeneratorProfitDual,TotalCostDispatch,RTGeneratorProfitDual,gap,SSProfit
ObjectiveValue,44584.421070176955,75854.0601563901,44584.421070176955,0.0,44584.42107017613
