,GeneratorProfitDual,TotalCostDispatch,RTGeneratorProfitDual,gap,SSProfit
ObjectiveValue,3537.781686803462,94010.24494381408,3537.781686803462,0.73783,3537.7816868025375
