,GeneratorProfitDual,TotalCostDispatch,RTGeneratorProfitDual,gap,SSProfit
ObjectiveValue,4336.205917557219,710952.2482381708,4336.205917557219,43.303,4734.893634340211
