,GeneratorProfitDual,TotalCostDispatch,RTGeneratorProfitDual,gap,SSProfit
ObjectiveValue,13833.507128507748,501450.4481891924,13833.507128507748,116.155,13833.507128504514
