,GeneratorProfitDual,TotalCostDispatch,RTGeneratorProfitDual,gap,SSProfit
ObjectiveValue,1617.6065784174475,129421.32023153428,1617.6065784174475,21.0887,2360.009068474781
