,GeneratorProfitDual,TotalCostDispatch,RTGeneratorProfitDual,gap,SSProfit
ObjectiveValue,4166.916035162639,625361.864199999,4166.916035162639,31.066,4342.699287000014
