,GeneratorProfitDual,TotalCostDispatch,RTGeneratorProfitDual,gap,SSProfit
ObjectiveValue,17081.4270482799,334197.2071310342,17081.4270482799,64.7688,17202.983324362325
