,GeneratorProfitDual,TotalCostDispatch,RTGeneratorProfitDual,gap,SSProfit
ObjectiveValue,7089.144930651956,84782.94630857036,7089.144930651956,0.0,7089.14493065131
