,GeneratorProfitDual,TotalCostDispatch,RTGeneratorProfitDual,gap,SSProfit
ObjectiveValue,36475.42876087207,81464.00159375962,36475.42876087207,25740.1,36475.42876086695
