,GeneratorProfitDual,TotalCostDispatch,RTGeneratorProfitDual,gap,SSProfit
ObjectiveValue,89306.56385694089,246579.70229644034,89306.56385694089,437.978,89306.18312356016
