,GeneratorProfitDual,TotalCostDispatch,RTGeneratorProfitDual,gap,SSProfit
ObjectiveValue,3196.341152906059,40116.32246974233,3196.341152906059,0.0,3196.3411529056452
