,GeneratorProfitDual,TotalCostDispatch,RTGeneratorProfitDual,gap,SSProfit
ObjectiveValue,2914.35517996974,41400.43345906419,2914.35517996974,0.0,2914.3551799691695
