,GeneratorProfitDual,TotalCostDispatch,RTGeneratorProfitDual,gap,SSProfit
ObjectiveValue,133.4930240250684,542611.795245968,133.4930240250684,1.12144,234.2513567789323
