,GeneratorProfitDual,TotalCostDispatch,RTGeneratorProfitDual,gap,SSProfit
ObjectiveValue,67417.47376342303,332826.04351481097,67417.47376342303,271.388,67417.47376341905
