,GeneratorProfitDual,TotalCostDispatch,RTGeneratorProfitDual,gap,SSProfit
ObjectiveValue,32991.60760231378,81470.66247805317,32991.60760231378,37529.8,32991.607602312266
