,GeneratorProfitDual,TotalCostDispatch,RTGeneratorProfitDual,gap,SSProfit
ObjectiveValue,3094.9401402589547,77873.35338873537,3094.9401402589547,25.7175,3094.9401402571157
