,GeneratorProfitDual,TotalCostDispatch,RTGeneratorProfitDual,gap,SSProfit
ObjectiveValue,94863.22539595772,77823.8535851698,94863.22539595772,5981.63,102902.03092415052
