,GeneratorProfitDual,TotalCostDispatch,RTGeneratorProfitDual,gap,SSProfit
ObjectiveValue,2707.8981170725738,93438.95460408882,2707.8981170725738,26.1807,2707.8981170710404
