,GeneratorProfitDual,TotalCostDispatch,RTGeneratorProfitDual,gap,SSProfit
ObjectiveValue,27666.453939048195,24820.271471128213,27666.453939048195,3051.28,27666.45393904751
