,GeneratorProfitDual,TotalCostDispatch,RTGeneratorProfitDual,gap,SSProfit
ObjectiveValue,85314.83956848408,376208.7997926502,85314.8128127488,862.472,85314.83956847938
