,GeneratorProfitDual,TotalCostDispatch,RTGeneratorProfitDual,gap,SSProfit
ObjectiveValue,2914.3551799698084,28937.372041386465,2914.3551799698084,4120.82,2914.355179969163
