,GeneratorProfitDual,TotalCostDispatch,RTGeneratorProfitDual,gap,SSProfit
ObjectiveValue,1868.3852935993532,12387.418776960661,1868.3852935993532,0.0,1868.3852935973493
