,GeneratorProfitDual,TotalCostDispatch,RTGeneratorProfitDual,gap,SSProfit
ObjectiveValue,15792.937728957513,36308.18317180779,15792.937728957513,0.0,15792.937728954666
