,GeneratorProfitDual,TotalCostDispatch,RTGeneratorProfitDual,gap,SSProfit
ObjectiveValue,50741.27362735238,177260.71844861814,50741.27362735238,258.368,50741.273627350965
