,GeneratorProfitDual,TotalCostDispatch,RTGeneratorProfitDual,gap,SSProfit
ObjectiveValue,36775.95555292025,136130.14696950474,36775.95555292025,382.719,36775.95555291924
