,GeneratorProfitDual,TotalCostDispatch,RTGeneratorProfitDual,gap,SSProfit
ObjectiveValue,7945.779862497844,207763.91133036764,7945.779862497844,20.2189,7945.779862496012
