,GeneratorProfitDual,TotalCostDispatch,RTGeneratorProfitDual,gap,SSProfit
ObjectiveValue,11759.949873698939,40445.282179227666,11759.949873698939,213.596,11759.94987369667
