,GeneratorProfitDual,TotalCostDispatch,RTGeneratorProfitDual,gap,SSProfit
ObjectiveValue,10370.738895811384,42179.87888150167,10370.738895811384,,10370.738895809927
