,GeneratorProfitDual,TotalCostDispatch,RTGeneratorProfitDual,gap,SSProfit
ObjectiveValue,97230.96503079245,489835.13150015206,97230.96503079245,978.005,97363.10145174923
