,GeneratorProfitDual,TotalCostDispatch,RTGeneratorProfitDual,gap,SSProfit
ObjectiveValue,40616.679031249594,546459.2352109893,40616.679031249594,316.727,40616.679031242915
