,GeneratorProfitDual,TotalCostDispatch,RTGeneratorProfitDual,gap,SSProfit
ObjectiveValue,22280.43641503993,173679.25692475835,22280.43641503993,904.923,22281.696056941673
