,GeneratorProfitDual,TotalCostDispatch,RTGeneratorProfitDual,gap,SSProfit
ObjectiveValue,51017.40474176362,221106.95986748138,51017.38623402316,0.0,51199.61025689463
