,GeneratorProfitDual,TotalCostDispatch,RTGeneratorProfitDual,gap,SSProfit
ObjectiveValue,3126.052862679963,34668.080185338724,3126.052862679963,0.0,3126.0528626794594
