,GeneratorProfitDual,TotalCostDispatch,RTGeneratorProfitDual,gap,SSProfit
ObjectiveValue,30263.469408896708,580249.0513905822,30263.442563755394,286.912,30313.062043383394
