,GeneratorProfitDual,TotalCostDispatch,RTGeneratorProfitDual,gap,SSProfit
ObjectiveValue,51763.502907057766,436873.4868609547,51763.502907057766,528.539,51996.089638662226
