,GeneratorProfitDual,TotalCostDispatch,RTGeneratorProfitDual,gap,SSProfit
ObjectiveValue,111631.61656951842,180018.39011604208,111631.61656951842,0.0,111631.61656951615
