,GeneratorProfitDual,TotalCostDispatch,RTGeneratorProfitDual,gap,SSProfit
ObjectiveValue,54831.35777816017,65184.82338323002,54831.35777816017,0.0,54831.35777815953
