,GeneratorProfitDual,TotalCostDispatch,RTGeneratorProfitDual,gap,SSProfit
ObjectiveValue,3964.3813170016438,182832.36056426162,3964.3813170016438,0.0,3964.381316999999
