,GeneratorProfitDual,TotalCostDispatch,RTGeneratorProfitDual,gap,SSProfit
ObjectiveValue,16001.501567495581,56399.6928247077,16001.501567495581,455.071,16001.501567494819
