,GeneratorProfitDual,TotalCostDispatch,RTGeneratorProfitDual,gap,SSProfit
ObjectiveValue,4546.580626644771,187307.75105474825,4546.580626644771,4752.94,17868.64318434418
