,GeneratorProfitDual,TotalCostDispatch,RTGeneratorProfitDual,gap,SSProfit
ObjectiveValue,48445.33692811491,143107.77156537172,48445.33692811491,573.724,48447.80025519294
