,GeneratorProfitDual,TotalCostDispatch,RTGeneratorProfitDual,gap,SSProfit
ObjectiveValue,33471.08384751967,227572.81168504353,33471.08384751967,433.437,33835.15670393307
