,GeneratorProfitDual,TotalCostDispatch,RTGeneratorProfitDual,gap,SSProfit
ObjectiveValue,81.2916689471283,107891.35318844458,81.2916689471283,0.0,81.29166894636873
