,GeneratorProfitDual,TotalCostDispatch,RTGeneratorProfitDual,gap,SSProfit
ObjectiveValue,2916.563629372436,50785.8988571955,2916.563629372436,110.853,2916.5636293720577
