,GeneratorProfitDual,TotalCostDispatch,RTGeneratorProfitDual,gap,SSProfit
ObjectiveValue,39484.58089151355,314862.7788782018,39484.58089151355,13180.0,39484.58089151237
