,GeneratorProfitDual,TotalCostDispatch,RTGeneratorProfitDual,gap,SSProfit
ObjectiveValue,-200.98012964684403,303312.35653874994,-200.98012964684403,1.11811,0.5830830000002152
