,GeneratorProfitDual,TotalCostDispatch,RTGeneratorProfitDual,gap,SSProfit
ObjectiveValue,7530.701439717735,48032.592508442896,7530.701439717735,20896.5,7530.701439717374
