,GeneratorProfitDual,TotalCostDispatch,RTGeneratorProfitDual,gap,SSProfit
ObjectiveValue,2273.2462560030767,46220.30556463117,2273.2462560030767,0.0,2273.246256000038
