,GeneratorProfitDual,TotalCostDispatch,RTGeneratorProfitDual,gap,SSProfit
ObjectiveValue,6457.026740106169,63343.41002577723,6457.026740106169,0.0,6457.026740103023
