,GeneratorProfitDual,TotalCostDispatch,RTGeneratorProfitDual,gap,SSProfit
ObjectiveValue,5902.7079239307795,58596.02075498986,5902.7079239307795,8.22331,6024.9496208478195
