,GeneratorProfitDual,TotalCostDispatch,RTGeneratorProfitDual,gap,SSProfit
ObjectiveValue,2513.5978891133846,16964.291026243853,2513.5978891133846,19.5593,2513.59788911301
