,GeneratorProfitDual,TotalCostDispatch,RTGeneratorProfitDual,gap,SSProfit
ObjectiveValue,26449.027813282868,167699.0785333733,26449.027813282868,232.535,26449.027813279412
