,GeneratorProfitDual,TotalCostDispatch,RTGeneratorProfitDual,gap,SSProfit
ObjectiveValue,4184.2036080050975,569487.7859780117,4184.2036080050975,0.0,4184.203608000005
