,GeneratorProfitDual,TotalCostDispatch,RTGeneratorProfitDual,gap,SSProfit
ObjectiveValue,71289.05618497479,153787.88154956704,71289.05618497479,40050.5,71289.05618497325
