,GeneratorProfitDual,TotalCostDispatch,RTGeneratorProfitDual,gap,SSProfit
ObjectiveValue,36186.92721979685,73907.4257780527,36186.92721979685,493.783,36459.8103581531
