,GeneratorProfitDual,TotalCostDispatch,RTGeneratorProfitDual,gap,SSProfit
ObjectiveValue,7532.022916689772,44362.809808237136,7532.022916689772,79.598,7532.022916689479
