,GeneratorProfitDual,TotalCostDispatch,RTGeneratorProfitDual,gap,SSProfit
ObjectiveValue,49674.32185907912,88958.51367103147,49674.32185907912,699.635,49674.32185907861
