,GeneratorProfitDual,TotalCostDispatch,RTGeneratorProfitDual,gap,SSProfit
ObjectiveValue,86965.44076472006,338729.59549463534,86965.44076472006,862.885,86965.44076471931
