,GeneratorProfitDual,TotalCostDispatch,RTGeneratorProfitDual,gap,SSProfit
ObjectiveValue,2628.9902395006484,21763.015731539275,2628.9902395006484,7.26736,2628.9902394999954
