,GeneratorProfitDual,TotalCostDispatch,RTGeneratorProfitDual,gap,SSProfit
ObjectiveValue,45395.147669205224,202895.3639768887,45395.147669205224,514.028,45701.44780416955
