,GeneratorProfitDual,TotalCostDispatch,RTGeneratorProfitDual,gap,SSProfit
ObjectiveValue,21501.80515069187,171944.2952792322,21501.80515069187,214.99,21501.80515068775
