,GeneratorProfitDual,TotalCostDispatch,RTGeneratorProfitDual,gap,SSProfit
ObjectiveValue,1017.6146361871622,57696.83957955083,1017.6146361871622,9.07063,1017.6146361867417
