,GeneratorProfitDual,TotalCostDispatch,RTGeneratorProfitDual,gap,SSProfit
ObjectiveValue,3833.4793014073084,177695.63568466454,3833.4793014073084,37.495,3964.3813169999985
