,GeneratorProfitDual,TotalCostDispatch,RTGeneratorProfitDual,gap,SSProfit
ObjectiveValue,3052.827795143603,46813.76849777813,3052.827795143603,0.0,3052.827795142286
