,GeneratorProfitDual,TotalCostDispatch,RTGeneratorProfitDual,gap,SSProfit
ObjectiveValue,51027.865164857634,113016.98935059493,51027.865164857634,0.0,51027.86516485566
