,GeneratorProfitDual,TotalCostDispatch,RTGeneratorProfitDual,gap,SSProfit
ObjectiveValue,59650.74146526409,354417.85690432397,59650.74146526409,611.172,59763.78846260071
