,GeneratorProfitDual,TotalCostDispatch,RTGeneratorProfitDual,gap,SSProfit
ObjectiveValue,109218.98403266685,512672.10354090267,109218.98403266685,2326.63,109218.98403265746
