,GeneratorProfitDual,TotalCostDispatch,RTGeneratorProfitDual,gap,SSProfit
ObjectiveValue,8907.228299018332,483211.19837380055,8907.201799839606,6.884,9065.96513858952
