,GeneratorProfitDual,TotalCostDispatch,RTGeneratorProfitDual,gap,SSProfit
ObjectiveValue,1950.3742468408082,41616.68863158713,1950.3742468408082,0.0,1950.3742468405433
