,GeneratorProfitDual,TotalCostDispatch,RTGeneratorProfitDual,gap,SSProfit
ObjectiveValue,26941.26494554929,625361.864199999,26941.26494554929,269.401,27117.048197388463
