,GeneratorProfitDual,TotalCostDispatch,RTGeneratorProfitDual,gap,SSProfit
ObjectiveValue,58166.00875062783,199372.07495073378,58166.00875062783,0.0,58166.00875062688
