,GeneratorProfitDual,TotalCostDispatch,RTGeneratorProfitDual,gap,SSProfit
ObjectiveValue,1868.38529359852,14516.086717065666,1868.38529359852,13.6068,1868.385293597361
