,GeneratorProfitDual,TotalCostDispatch,RTGeneratorProfitDual,gap,SSProfit
ObjectiveValue,3614.045211218169,31890.279711364718,3614.045211218169,23883.1,3614.045211217842
