,GeneratorProfitDual,TotalCostDispatch,RTGeneratorProfitDual,gap,SSProfit
ObjectiveValue,79710.80015320738,542687.6268167043,79710.80015320738,34452.3,79790.68394867092
