,GeneratorProfitDual,TotalCostDispatch,RTGeneratorProfitDual,gap,SSProfit
ObjectiveValue,2603.5731750151176,58397.36073387821,2603.5731750151176,21.0495,2603.573175014082
