,GeneratorProfitDual,TotalCostDispatch,RTGeneratorProfitDual,gap,SSProfit
ObjectiveValue,1186.9021322424335,175493.42702629295,1186.9021322424335,4.87841,1186.9021322413046
