,GeneratorProfitDual,TotalCostDispatch,RTGeneratorProfitDual,gap,SSProfit
ObjectiveValue,3247.885414378082,48856.130999948684,3247.885414378082,55401.6,3247.8854143775525
