,GeneratorProfitDual,TotalCostDispatch,RTGeneratorProfitDual,gap,SSProfit
ObjectiveValue,2806.773825413292,26968.200466241102,2806.773825413292,0.0,2806.7738254130563
