,GeneratorProfitDual,TotalCostDispatch,RTGeneratorProfitDual,gap,SSProfit
ObjectiveValue,12948.441844060439,59842.74266963836,12948.441844060439,405.449,12948.441844058872
