,GeneratorProfitDual,TotalCostDispatch,RTGeneratorProfitDual,gap,SSProfit
ObjectiveValue,78.21943928684414,551000.5600324915,78.21943928684414,0.0,78.21943928288817
