,GeneratorProfitDual,TotalCostDispatch,RTGeneratorProfitDual,gap,SSProfit
ObjectiveValue,30467.647140147063,82652.95695575637,30467.647140147063,0.0,30467.647140146662
