,GeneratorProfitDual,TotalCostDispatch,RTGeneratorProfitDual,gap,SSProfit
ObjectiveValue,33326.674396937306,93508.42893342699,33326.674396937306,0.0,33326.674396936396
