,GeneratorProfitDual,TotalCostDispatch,RTGeneratorProfitDual,gap,SSProfit
ObjectiveValue,40049.025442719074,65771.12657611787,40049.025442719074,11434.8,40049.025442718485
