,GeneratorProfitDual,TotalCostDispatch,RTGeneratorProfitDual,gap,SSProfit
ObjectiveValue,3956.93459845149,314851.60167336866,3956.93459845149,8.377,4018.6065503667014
