,GeneratorProfitDual,TotalCostDispatch,RTGeneratorProfitDual,gap,SSProfit
ObjectiveValue,4482.754802761424,655429.0600268588,4482.754802761424,10.0412,4482.754802757057
