,GeneratorProfitDual,TotalCostDispatch,RTGeneratorProfitDual,gap,SSProfit
ObjectiveValue,54747.970032252866,125380.48978859042,54747.970032252866,7212.93,54747.970032250654
