,GeneratorProfitDual,TotalCostDispatch,RTGeneratorProfitDual,gap,SSProfit
ObjectiveValue,59496.77397029092,65184.82338323044,59496.77397029092,21712.6,59496.77397029089
