,GeneratorProfitDual,TotalCostDispatch,RTGeneratorProfitDual,gap,SSProfit
ObjectiveValue,3737.637637478931,174747.37151651998,3737.637637478931,5.72857,3737.6376374767333
