,GeneratorProfitDual,TotalCostDispatch,RTGeneratorProfitDual,gap,SSProfit
ObjectiveValue,53400.64139900215,560294.595515579,53400.64139900215,386.952,53400.641398996995
