,GeneratorProfitDual,TotalCostDispatch,RTGeneratorProfitDual,gap,SSProfit
ObjectiveValue,3962.3040779492494,180018.39011604208,3962.3040779492494,0.0,3961.6602629999907
