,GeneratorProfitDual,TotalCostDispatch,RTGeneratorProfitDual,gap,SSProfit
ObjectiveValue,12716.57164222752,334451.7692904678,12716.57164222752,64.8342,13215.756815422415
