,GeneratorProfitDual,TotalCostDispatch,RTGeneratorProfitDual,gap,SSProfit
ObjectiveValue,41945.2339401306,299513.36105189426,41945.2339401306,45407.4,42000.57137610258
