,GeneratorProfitDual,TotalCostDispatch,RTGeneratorProfitDual,gap,SSProfit
ObjectiveValue,28877.784199934355,127082.69642120405,28877.784199934355,17872.5,28877.784199933918
