,GeneratorProfitDual,TotalCostDispatch,RTGeneratorProfitDual,gap,SSProfit
ObjectiveValue,20823.40105976508,33980.19952900444,20823.40105976508,1320.79,20845.481728163835
