,GeneratorProfitDual,TotalCostDispatch,RTGeneratorProfitDual,gap,SSProfit
ObjectiveValue,11804.860615241765,57696.83957955082,11804.860615241765,198.722,11804.86061524084
