,GeneratorProfitDual,TotalCostDispatch,RTGeneratorProfitDual,gap,SSProfit
ObjectiveValue,9668.256421464623,22165.73600626485,9668.256421464623,49982.5,9668.256421463542
