,GeneratorProfitDual,TotalCostDispatch,RTGeneratorProfitDual,gap,SSProfit
ObjectiveValue,62125.94718431205,207744.6180019346,62125.94718431205,0.0,62125.947184310164
