,GeneratorProfitDual,TotalCostDispatch,RTGeneratorProfitDual,gap,SSProfit
ObjectiveValue,4.295378105604414,512672.1035409069,4.295378105604414,0.0,4.295378099998516
