,GeneratorProfitDual,TotalCostDispatch,RTGeneratorProfitDual,gap,SSProfit
ObjectiveValue,0.03146315925187082,200.71619902428154,0.03146315925187082,0.0,0.03146315867999999
