,GeneratorProfitDual,TotalCostDispatch,RTGeneratorProfitDual,gap,SSProfit
ObjectiveValue,86797.0402713941,204552.17629699424,86797.0402713941,0.0,86797.04027138816
