,GeneratorProfitDual,TotalCostDispatch,RTGeneratorProfitDual,gap,SSProfit
ObjectiveValue,14215.9210346675,16276.46763309475,14215.9210346675,141.328,14215.921034666073
