,GeneratorProfitDual,TotalCostDispatch,RTGeneratorProfitDual,gap,SSProfit
ObjectiveValue,25469.38048765653,19123.34171981377,25469.38048765653,1203.62,25469.380487656075
