,GeneratorProfitDual,TotalCostDispatch,RTGeneratorProfitDual,gap,SSProfit
ObjectiveValue,2097.4743845593957,306261.10615038214,2097.4743845593957,1.57445,2097.474384556008
