,GeneratorProfitDual,TotalCostDispatch,RTGeneratorProfitDual,gap,SSProfit
ObjectiveValue,13426.550136691187,46220.3055646312,13426.550136691187,0.0,13426.550136688085
