,GeneratorProfitDual,TotalCostDispatch,RTGeneratorProfitDual,gap,SSProfit
ObjectiveValue,32283.75831776728,140010.35872884927,32283.75831776728,237.235,32283.758317766944
