,GeneratorProfitDual,TotalCostDispatch,RTGeneratorProfitDual,gap,SSProfit
ObjectiveValue,3409.869384004254,169188.2418953755,3409.869384004254,0.0,3409.8693840000014
