,GeneratorProfitDual,TotalCostDispatch,RTGeneratorProfitDual,gap,SSProfit
ObjectiveValue,1064.3939650009918,63661.3366030919,1064.3939650009918,9.82046,1064.393965
