,GeneratorProfitDual,TotalCostDispatch,RTGeneratorProfitDual,gap,SSProfit
ObjectiveValue,2397.907129101742,10762.489404080387,2397.907129101742,165.04,2397.9071291014734
