,GeneratorProfitDual,TotalCostDispatch,RTGeneratorProfitDual,gap,SSProfit
ObjectiveValue,23756.588273531004,66684.01767125654,23756.588273531004,0.0,23756.588273530364
