,GeneratorProfitDual,TotalCostDispatch,RTGeneratorProfitDual,gap,SSProfit
ObjectiveValue,1085.0842936090457,492.1186766182235,1085.0842936090457,70.772,1085.084293608631
