,GeneratorProfitDual,TotalCostDispatch,RTGeneratorProfitDual,gap,SSProfit
ObjectiveValue,4026.7711980017657,282748.9375253827,4026.7711980017657,0.0,4026.771198000022
