,GeneratorProfitDual,TotalCostDispatch,RTGeneratorProfitDual,gap,SSProfit
ObjectiveValue,1868.385293597913,5387.474036651862,1868.385293597913,54.6926,1868.3852935973496
