,GeneratorProfitDual,TotalCostDispatch,RTGeneratorProfitDual,gap,SSProfit
ObjectiveValue,58605.930060220504,463016.3088582208,58605.930060220504,490.928,58605.93006021562
