,GeneratorProfitDual,TotalCostDispatch,RTGeneratorProfitDual,gap,SSProfit
ObjectiveValue,11720.935512735789,483212.7377129205,11720.935512735789,13.288,11879.672352306607
