,GeneratorProfitDual,TotalCostDispatch,RTGeneratorProfitDual,gap,SSProfit
ObjectiveValue,3014.8699084167197,49512.482838055745,3014.8699084167197,18.4908,3014.869908416135
