,GeneratorProfitDual,TotalCostDispatch,RTGeneratorProfitDual,gap,SSProfit
ObjectiveValue,50436.53450669745,177558.77303784146,50436.53450669745,9012.28,50436.534506694254
