,GeneratorProfitDual,TotalCostDispatch,RTGeneratorProfitDual,gap,SSProfit
ObjectiveValue,5864.011495706052,64679.33426736879,5864.011495706052,14.7861,5968.4069051956485
