,GeneratorProfitDual,TotalCostDispatch,RTGeneratorProfitDual,gap,SSProfit
ObjectiveValue,44609.37680033416,139231.57245438662,44609.37680033416,447.649,44609.37680033418
