,GeneratorProfitDual,TotalCostDispatch,RTGeneratorProfitDual,gap,SSProfit
ObjectiveValue,44707.90861440768,75854.06015639009,44707.90861440768,8345.42,44707.90861440688
