,GeneratorProfitDual,TotalCostDispatch,RTGeneratorProfitDual,gap,SSProfit
ObjectiveValue,2203.3957662858274,56192.8174289726,2203.3957662858274,22.4718,2418.468737085146
