,GeneratorProfitDual,TotalCostDispatch,RTGeneratorProfitDual,gap,SSProfit
ObjectiveValue,52856.357608627026,199373.4184415541,52856.357608627026,34262.6,52856.35760862709
