,GeneratorProfitDual,TotalCostDispatch,RTGeneratorProfitDual,gap,SSProfit
ObjectiveValue,1315.0035244489854,2489.993978813013,1315.0035244489854,0.0,1315.003524448625
