,GeneratorProfitDual,TotalCostDispatch,RTGeneratorProfitDual,gap,SSProfit
ObjectiveValue,27484.31625908292,263410.4153302101,27484.31625908292,327.587,27484.316259079547
