,GeneratorProfitDual,TotalCostDispatch,RTGeneratorProfitDual,gap,SSProfit
ObjectiveValue,2246.852961010334,64679.33426736881,2246.852961010334,0.0,2351.2483704999945
