,GeneratorProfitDual,TotalCostDispatch,RTGeneratorProfitDual,gap,SSProfit
ObjectiveValue,2246.852961010405,64679.3342673688,2246.852961010405,0.0,2351.2483705000004
