,GeneratorProfitDual,TotalCostDispatch,RTGeneratorProfitDual,gap,SSProfit
ObjectiveValue,59502.796654532336,300082.7752399799,59502.796654532336,0.0,59737.78121778426
