,GeneratorProfitDual,TotalCostDispatch,RTGeneratorProfitDual,gap,SSProfit
ObjectiveValue,1530.2180983658359,107891.35318844453,1530.2180983658359,0.0,1530.218098365187
