zone,wind_cap,solar_cap,voltage_angle_max,voltage_angle_min
A,0,0,0.785398163,-0.785398163
B,0,0,0.785398163,-0.785398163
C,0,0,0.785398163,-0.785398163
D,0,0,0.785398163,-0.785398163
E,0,0,0.785398163,-0.785398163
