,GeneratorProfitDual,TotalCostDispatch,RTGeneratorProfitDual,gap,SSProfit
ObjectiveValue,-87.49172439164784,248150.3334121218,-87.49172439164784,0.745488,-6.496312583095602
