,GeneratorProfitDual,TotalCostDispatch,RTGeneratorProfitDual,gap,SSProfit
ObjectiveValue,84912.33239788075,25834.962815468545,84912.33239788075,794.678,85715.44887066355
