,GeneratorProfitDual,TotalCostDispatch,RTGeneratorProfitDual,gap,SSProfit
ObjectiveValue,42883.62229281536,45881.45364351819,42883.62229281536,21476.8,42883.62229282356
