,GeneratorProfitDual,TotalCostDispatch,RTGeneratorProfitDual,gap,SSProfit
ObjectiveValue,53879.52532152638,169188.24189537865,53879.52532152638,0.0,53879.52532152469
