,GeneratorProfitDual,TotalCostDispatch,RTGeneratorProfitDual,gap,SSProfit
ObjectiveValue,41174.55168617949,75854.0601563876,41174.55168617949,0.0,41174.551686176106
