,GeneratorProfitDual,TotalCostDispatch,RTGeneratorProfitDual,gap,SSProfit
ObjectiveValue,9457.17587974042,74822.54080177334,9457.17587974042,36689.9,9457.175879739481
