,GeneratorProfitDual,TotalCostDispatch,RTGeneratorProfitDual,gap,SSProfit
ObjectiveValue,3527.5895535751815,230155.78160339664,3527.5895535751815,8.81287,3599.4537125828238
