,GeneratorProfitDual,TotalCostDispatch,RTGeneratorProfitDual,gap,SSProfit
ObjectiveValue,42976.52306046024,121012.36522493367,42976.52306046024,0.0,43036.75268351282
