,GeneratorProfitDual,TotalCostDispatch,RTGeneratorProfitDual,gap,SSProfit
ObjectiveValue,1058.7021169566315,1673.057795808815,1058.7021169566315,0.0,1058.7021169562051
