,GeneratorProfitDual,TotalCostDispatch,RTGeneratorProfitDual,gap,SSProfit
ObjectiveValue,23935.902630389995,63585.30656874119,23935.902630389995,10947.0,23935.90263038918
