,GeneratorProfitDual,TotalCostDispatch,RTGeneratorProfitDual,gap,SSProfit
ObjectiveValue,55796.001760894804,436873.48686095484,55796.001760894804,522.918,56028.58849249967
