,GeneratorProfitDual,TotalCostDispatch,RTGeneratorProfitDual,gap,SSProfit
ObjectiveValue,20385.791503900815,67738.6295412861,20385.791503900815,39.3192,20385.79150389888
