,GeneratorProfitDual,TotalCostDispatch,RTGeneratorProfitDual,gap,SSProfit
ObjectiveValue,401.0185863359379,48032.59250844228,401.0185863359379,0.0,401.0185863349255
