,GeneratorProfitDual,TotalCostDispatch,RTGeneratorProfitDual,gap,SSProfit
ObjectiveValue,78353.41625023862,375359.5082889211,78353.41625023862,5811.23,78391.13050317498
