,GeneratorProfitDual,TotalCostDispatch,RTGeneratorProfitDual,gap,SSProfit
ObjectiveValue,993.1155047551401,48089.74860017987,993.1155047551401,0.0,993.1155047547591
