,GeneratorProfitDual,TotalCostDispatch,RTGeneratorProfitDual,gap,SSProfit
ObjectiveValue,1534.5151940436713,38274.43540018878,1534.5151940436713,483.921,1534.515194043054
