,GeneratorProfitDual,TotalCostDispatch,RTGeneratorProfitDual,gap,SSProfit
ObjectiveValue,1430.1229874484702,501450.4481891924,1430.1229874484702,0.0,1430.1229874450926
