,GeneratorProfitDual,TotalCostDispatch,RTGeneratorProfitDual,gap,SSProfit
ObjectiveValue,87335.06136403485,126436.01253775047,87335.06136403485,0.0,87335.06136403447
