,GeneratorProfitDual,TotalCostDispatch,RTGeneratorProfitDual,gap,SSProfit
ObjectiveValue,17110.57485632279,16276.467633095866,17110.57485632279,170.439,17110.57485632242
