,GeneratorProfitDual,TotalCostDispatch,RTGeneratorProfitDual,gap,SSProfit
ObjectiveValue,786.5789670011701,20253.572636098816,786.5789670011701,0.0,786.5789670000145
