,GeneratorProfitDual,TotalCostDispatch,RTGeneratorProfitDual,gap,SSProfit
ObjectiveValue,2239.6255475577227,20691.46015704578,2239.6255475577227,,2239.6255475572866
