,GeneratorProfitDual,TotalCostDispatch,RTGeneratorProfitDual,gap,SSProfit
ObjectiveValue,54136.08411586811,133212.3267446382,54136.08411586811,599.659,54136.08411586697
