,GeneratorProfitDual,TotalCostDispatch,RTGeneratorProfitDual,gap,SSProfit
ObjectiveValue,34650.9268054597,580278.4791467527,34650.9268054597,532.779,34712.6981304448
