,GeneratorProfitDual,TotalCostDispatch,RTGeneratorProfitDual,gap,SSProfit
ObjectiveValue,20148.598758003376,45565.42760877627,20148.598758003376,0.0,20148.59875800135
