,GeneratorProfitDual,TotalCostDispatch,RTGeneratorProfitDual,gap,SSProfit
ObjectiveValue,50150.906171867566,133212.32674463815,50150.906171867566,539.113,50150.90617186699
