,GeneratorProfitDual,TotalCostDispatch,RTGeneratorProfitDual,gap,SSProfit
ObjectiveValue,59468.93292266046,149796.5909672678,59468.91970027218,39645.3,59468.93292265895
