,GeneratorProfitDual,TotalCostDispatch,RTGeneratorProfitDual,gap,SSProfit
ObjectiveValue,2240.301895184098,13537.669681950607,2240.301895184098,0.0,2240.301895183364
