,GeneratorProfitDual,TotalCostDispatch,RTGeneratorProfitDual,gap,SSProfit
ObjectiveValue,55692.83461695875,230170.40328490228,55692.83461695875,0.0,55767.05070386999
