,GeneratorProfitDual,TotalCostDispatch,RTGeneratorProfitDual,gap,SSProfit
ObjectiveValue,62717.57097560572,280497.91170331446,62717.57097560572,8105.41,62910.71214049431
