,GeneratorProfitDual,TotalCostDispatch,RTGeneratorProfitDual,gap,SSProfit
ObjectiveValue,1573.1579340028975,79252.53120385321,1573.1579340028975,0.0,1573.1579340000278
