,GeneratorProfitDual,TotalCostDispatch,RTGeneratorProfitDual,gap,SSProfit
ObjectiveValue,2979.2349924586515,43546.89694090024,2979.2349924586515,396.254,2979.2349924578584
