,GeneratorProfitDual,TotalCostDispatch,RTGeneratorProfitDual,gap,SSProfit
ObjectiveValue,13185.005785171667,53949.165445836086,13185.005785171667,162.431,13185.005785171048
