,GeneratorProfitDual,TotalCostDispatch,RTGeneratorProfitDual,gap,SSProfit
ObjectiveValue,54.22500845621357,462925.34300222277,54.22500845621357,0.0,67.40906764999659
