,GeneratorProfitDual,TotalCostDispatch,RTGeneratorProfitDual,gap,SSProfit
ObjectiveValue,69827.99242157211,99307.64786124637,69827.99242157211,42624.6,69827.99242163674
