,GeneratorProfitDual,TotalCostDispatch,RTGeneratorProfitDual,gap,SSProfit
ObjectiveValue,45792.88981845487,88921.40205313792,45792.88981845487,608.449,45796.052677429194
