,GeneratorProfitDual,TotalCostDispatch,RTGeneratorProfitDual,gap,SSProfit
ObjectiveValue,36145.31984665455,140010.3587288493,36145.31984665455,0.0,36145.3198466542
