,GeneratorProfitDual,TotalCostDispatch,RTGeneratorProfitDual,gap,SSProfit
ObjectiveValue,54270.65103230735,177567.92114275493,54270.65103230735,606.96,54270.65103230665
