,GeneratorProfitDual,TotalCostDispatch,RTGeneratorProfitDual,gap,SSProfit
ObjectiveValue,32823.95828872964,136132.2249527953,32823.95828872964,880.656,32823.95828872603
