,GeneratorProfitDual,TotalCostDispatch,RTGeneratorProfitDual,gap,SSProfit
ObjectiveValue,44060.31654752004,267139.5295001578,44060.31654752004,436.218,44192.870142581596
