,GeneratorProfitDual,TotalCostDispatch,RTGeneratorProfitDual,gap,SSProfit
ObjectiveValue,-312.16545449609157,664628.8335890156,-312.16545449609157,1.11515,35.41819526252789
