,GeneratorProfitDual,TotalCostDispatch,RTGeneratorProfitDual,gap,SSProfit
ObjectiveValue,36384.10211706742,93442.37081791482,36384.10211706742,0.0,36384.102117066475
