,GeneratorProfitDual,TotalCostDispatch,RTGeneratorProfitDual,gap,SSProfit
ObjectiveValue,44896.82678039538,242097.83302385482,44896.82678039538,18051.6,45093.38418522329
