,GeneratorProfitDual,TotalCostDispatch,RTGeneratorProfitDual,gap,SSProfit
ObjectiveValue,34554.16289077228,126379.38873573633,34554.16289077228,0.0,34587.536795593864
