,GeneratorProfitDual,TotalCostDispatch,RTGeneratorProfitDual,gap,SSProfit
ObjectiveValue,2757.4596970139064,22135.054780011564,2757.4596970139064,0.725738,2757.4596970133944
