,GeneratorProfitDual,TotalCostDispatch,RTGeneratorProfitDual,gap,SSProfit
ObjectiveValue,47003.06026391993,335947.735635497,47003.06026391993,0.0,59284.42983114119
