,GeneratorProfitDual,TotalCostDispatch,RTGeneratorProfitDual,gap,SSProfit
ObjectiveValue,67404.59019830421,332838.9270799322,67404.59019830421,587.754,67412.29403799065
