,GeneratorProfitDual,TotalCostDispatch,RTGeneratorProfitDual,gap,SSProfit
ObjectiveValue,67443.81951729604,332855.25340393203,67443.81951729604,205.805,67451.63192694663
