,GeneratorProfitDual,TotalCostDispatch,RTGeneratorProfitDual,gap,SSProfit
ObjectiveValue,3314.2457007248167,87634.80572752035,3314.2457007248167,0.0,3314.245700724343
