,GeneratorProfitDual,TotalCostDispatch,RTGeneratorProfitDual,gap,SSProfit
ObjectiveValue,5867.5097528066235,152045.81602858458,5867.5097528066235,0.0,6571.96278212532
