,GeneratorProfitDual,TotalCostDispatch,RTGeneratorProfitDual,gap,SSProfit
ObjectiveValue,18776.967125689127,76277.58705220793,18776.967125689127,335.479,18776.967125688312
