,GeneratorProfitDual,TotalCostDispatch,RTGeneratorProfitDual,gap,SSProfit
ObjectiveValue,-212.21623156546048,711532.5899255128,-212.21623156546048,0.597082,-70.35085585453487
