,GeneratorProfitDual,TotalCostDispatch,RTGeneratorProfitDual,gap,SSProfit
ObjectiveValue,26810.21131660658,157333.37994394414,26810.21131660658,0.0,26810.681685165677
