,GeneratorProfitDual,TotalCostDispatch,RTGeneratorProfitDual,gap,SSProfit
ObjectiveValue,36881.70263333589,104729.97213933022,36881.70263333589,235.708,36881.959189853056
