,GeneratorProfitDual,TotalCostDispatch,RTGeneratorProfitDual,gap,SSProfit
ObjectiveValue,11715.377747878316,147697.5211215118,11715.377747878316,117.239,11715.377747877086
