,GeneratorProfitDual,TotalCostDispatch,RTGeneratorProfitDual,gap,SSProfit
ObjectiveValue,46773.0291911153,181241.7819347312,46773.0291911153,595.144,46773.02919111497
