,GeneratorProfitDual,TotalCostDispatch,RTGeneratorProfitDual,gap,SSProfit
ObjectiveValue,15859.968289745419,71248.90693099595,15859.968289745419,0.0,15859.968289744857
