,GeneratorProfitDual,TotalCostDispatch,RTGeneratorProfitDual,gap,SSProfit
ObjectiveValue,786.479333664752,200.71619902428154,786.479333664752,10.4719,786.4793336642228
