,GeneratorProfitDual,TotalCostDispatch,RTGeneratorProfitDual,gap,SSProfit
ObjectiveValue,1868.385293598076,8112.242250395583,1868.385293598076,0.0,1868.3852935973496
