,GeneratorProfitDual,TotalCostDispatch,RTGeneratorProfitDual,gap,SSProfit
ObjectiveValue,59457.11150631077,302679.6918491918,59457.11150631077,0.0,59457.11150631026
