,GeneratorProfitDual,TotalCostDispatch,RTGeneratorProfitDual,gap,SSProfit
ObjectiveValue,33309.02725145782,175818.15832672777,33309.02725145782,0.0,33309.0272514567
