,GeneratorProfitDual,TotalCostDispatch,RTGeneratorProfitDual,gap,SSProfit
ObjectiveValue,1868.3852935981904,10042.858723365694,1868.3852935981904,78.7591,1868.3852935973496
