,GeneratorProfitDual,TotalCostDispatch,RTGeneratorProfitDual,gap,SSProfit
ObjectiveValue,93.67695680204486,335990.4153362375,93.67695680204486,0.0,93.67695679999292
