,GeneratorProfitDual,TotalCostDispatch,RTGeneratorProfitDual,gap,SSProfit
ObjectiveValue,55430.340308312756,302679.6918491895,55430.340308312756,9707.73,55430.34030831029
